1,ajddou,ⴰⵊⴷⴷⵓ,إبريق
2,addar,ⴰⴷⴷⴰⵔ,جرف حاد أو هاوية
3,ajrniḍ,ⴰⵊⵔⵏⵉⴹ,عنق
4,ajrou,ⴰⵊⵔⵓ,ضفدع
5,ajḍiḍ,ⴰⵊⴹⵉⴹ,طائر
6,aminoun,ⴰⵎⵉⵏⵓⵏ,مجنون
7,iḍnni,ⵉⴹⵏⵏⵉ,ذالك النهار
8,ayllid,ⴰⵢⵍⵍⵉⴷ,ملك
9,ajmmaḍ,ⴰⵊⵎⵎⴰⴹ,ماوراء الضفة المقابلة
10,tisda,ⵜⵉⵙⴷⴰ,لبوؤة
11,tisla,ⵜⵉⵙⵍⴰ,نعل (صاندال)
12,itri,ⵉⵜⵔⵉ,نجمة
13,akham,ⴰⵅⴰⵎ,منزل
14,asrkous,ⴰⵙⵔⴽⵓⵙ,كذب
15,akhnnous,ⴰⵅⵏⵏⵓⵙ,صغير الخنزير
16,adbir,ⴰⴷⴱⵉⵔ,حمامة
17,ghanimouḍar,ⵖⴰⵏⵉⵎⵓⴹⴰⵔ,ساق
18,adjaj,ⴰⴷⵊⴰⵊ,رعد
19,chal,ⵛⴰⵍ,تراب
20,adrar,ⴰⴷⵔⴰⵔ,جبل
21,idmarn,ⵉⴷⵎⴰⵔⵏ,صدر
22,toudrt,ⵜⵓⴷⵔⵜ,حياة
23,adidi,ⴰⴷⵉⴷⵉ,جرح
24,tisghart,ⵜⵉⵙⵖⴰⵔⵜ,حق
25,ou,ⵓ,ابن
26,akrri,ⴰⴽⵔⵔⵉ,كبش
27,ardn,ⴰⵔⴷⵏ,قمح
28,arkti,ⴰⵔⴽⵜⵉ,عجينة
29,arn,ⴰⵔⵏ,دقيق
30,ziri,ⵣⵉⵔⵉ,قمر
31,arroḍ,ⴰⵔⵔⵓⴹ,ملابس
32,ari,ⴰⵔⵉ,حلفاء
33,aryaz,ⴰⵔⵢⴰⵣ,رجل
34,timzyida,ⵜⵉⵎⵣⵢⵉⴷⴰ,مسجد
35,adir,ⴰⴷⵉⵔ,سهل بين الجبال
36,ażro,ⴰⵥⵔⵓ,صخرة
37,angoul,ⴰⵏⴳⵓⵍ,بسكويت
38,azghar,ⴰⵣⵖⴰⵔ,غزالة
39,aka,ⴰⴽⴰ,حبة قمح أو ذرة
40,az99a,ⴰⵣⵇⵇⴰ,سطح، شُرفة
41,fouyt,ⴼⵓⵢⵜ,شمس
42,anjan,ⴰⵏⵊⴰⵏ,اوساخ
43,awdad,ⴰⵡⴷⴰⴷ,حيوان الاروي
44,azllif,ⴰⵣⵍⵍⵉⴼ,رأس
45,azmmour,ⴰⵣⵎⵎⵓⵔ,زيتون
46,azwr,ⴰⵣⵡⵔ,عرق
47,as,ⴰⵙ,نهار
48,asrdoun,ⴰⵙⵔⴷⵓⵏ,بغل
49,asghoun,ⴰⵙⵖⵓⵏ,حبل
50,ajdi,ⴰⵊⴷⵉ,رمل
51,asggas,ⴰⵙⴳⴳⴰⵙ,سنة
52,amnay,ⴰⵎⵏⴰⵢ,فارس
53,isli,ⵉⵙⵍⵉ,عريس
54,aslif,ⴰⵙⵍⵉⴼ,زوج نسيبة الزوج
55,asennan,ⴰⵙⴻⵏⵏⴰⵏ,شوكة
56,tighouni,ⵜⵉⵖⵓⵏⵉ,حذاء
57,asinou,ⴰⵙⵉⵏⵓ,سحاب
58,tafdent,ⵜⴰⴼⴷⴻⵏⵜ,اصبع القدم
59,achrrib,ⴰⵛⵔⵔⵉⴱ,أغنية
60,achkroḍ,ⴰⵛⴽⵔⵓⴹ,ظلف الحيوان
61,jij,ⵊⵉⵊ,وتد
62,achnkour,ⴰⵛⵏⴽⵓⵔ,عرف الديك
63,asfd,ⴰⵙⴼⴷ,شعلة
64,iman,ⵉⵎⴰⵏ,روح
65,iḍs,ⵉⴹⵙ,نوم
66,aḍkal,ⴰⴹⴽⴰⵍ,صهر أو النسيب
67,swit,ⵙⵡⵉⵜ,فتاة
68,adouf,ⴰⴷⵓⴼ,نخاع
69,tazouwḍa,ⵜⴰⵣⵓⵡⴹⴰ,صحن
70,a9rdal,ⴰⵇⵔⴷⴰⵍ,رئيس
71,a9ouban,ⴰⵇⵓⴱⴰⵏ,امّي
72,anrzaf,ⴰⵏⵔⵣⴰⴼ,مسافر
73,iḍomi,ⵉⴹⵓⵎⵉ,أي يوم؟
74,aṣay,ⴰⵚⴰⵢ,كلب سلوقي
75,tijmrt,ⵜⵉⵊⵎⵔⵜ,فرس
76,aghras,ⴰⵖⵔⴰⵙ,جبح النحل
77,aghrda,ⴰⵖⵕⴹⴰ,فأر
78,aghzdis,ⴰⵖⵣⴷⵉⵙ,جانب
79,aghlal,ⴰⵖⵍⴰⵍ,حلزون
80,aghmbou,ⴰⵖⵎⴱⵓ,وجه
81,lktou,ⵍⴽⵜⵓ,سرير
82,aghnja,ⴰⵖⵏⵊⴰ,مغرف
83,tiddt,ⵜⵉⴷⴷⵜ,حقيقة
84,tirghi,ⵜⵉⵔⵖⵉ,حرارة
85,aghil,ⴰⵖⵉⵍ,ذراع
86,taghnint,ⵜⴰⵖⵏⵉⵏⵜ,غرفية أو زلافة
87,aghbal,ⴰⵖⴱⴰⵍ,منبع
88,affer,ⴰⴼⴼⴻⵔ,جناح
89,amsgar,ⴰⵎⵙⴳⴰⵔ,التقاء
90,tidght,ⵜⵉⴷⵖⵜ,إبط
91,af9louj,ⴰⴼⵇⵍⵓⵊ,بصل
92,afounas,ⴰⴼⵓⵏⴰⵙ,ثور
93,tiḍouna,ⵜⵉⴹⵓⵏⴰ,مدرجات فلاحية في الجبل
94,a9zin,ⴰⵇⵣⵉⵏ,جرو
95,la9mmi,ⵍⴰⵇⵎⵎⵉ,عندما
96,ayrziz,ⴰⵢⵔⵣⵉⵣ,أرنب
97,wah,ⵡⴰⵀ,نعم
98,afkhsi,ⴰⴼⵅⵙⵉ,شق
99,abyas,ⴰⴱⵢⴰⵙ,حزام
100,tisar,ⵜⵉⵙⴰⵔ,اضراس
101,a9iḍon,ⴰⵇⵉⴹⵓⵏ,خيمة
102,ila9,ⵉⵍⴰⵇ,وقت
103,ourtou,ⵓⵔⵜⵓ,جنة
104,tamsliwt,ⵜⴰⵎⵙⵍⵉⵡⵜ,حاسة السمع
105,tijli,ⵜⵉⵊⵍⵉ,حفنة
106,irs,ⵉⵔⵙ,فصل الشتاء
107,tibrt,ⵜⵉⴱⵔⵜ,جمرة
108,nnihntin,ⵏⵏⵉⵀⵏⵜⵉⵏ,هن
109,agla,ⴰⴳⵍⴰ,رزق
110,timwidnt,ⵜⵉⵎⵡⵉⴷⵏⵜ,مرض قليل
111,ntch,ⵏⵜⵛ,انا
112,tchem,ⵜⵛⴻⵎ,انتي
113,kennint,ⴽⴻⵏⵏⵉⵏⵜ,انتن
114,ils,ⵉⵍⵙ,لسان-لغة
115,alghm,ⴰⵍⵖⵎ,جمل
116,alghid,ⴰⵍⵖⵉⴷ,أبيات مغناة في الأعراس
117,fighr,ⴼⵉⵖⵔ,ثعبان
118,zinjr,ⵣⵉⵏⵊⵔ,عفن
119,alkoḍ,ⴰⵍⴽⵓⴹ,سوط
120,askkan,ⴰⵙⴽⴽⴰⵏ,تعليم
121,alous,ⴰⵍⵓⵙ,صهر الزوج
122,alizar,ⴰⵍⵉⵣⴰⵔ,لعاب
123,alili,ⴰⵍⵉⵍⵉ,دفلى
124,alinti,ⴰⵍⵉⵏⵜⵉ,راعي
125,amjr,ⴰⵎⵊⵔ,منجل
126,amddoukl,ⴰⵎⴷⴷⵓⴽⵍ,صديق
127,toufin,ⵜⵓⴼⵉⵏ,كبرياء
128,amrwas,ⴰⵎⵔⵡⴰⵙ,دين أو سلف
129,amżiw,ⴰⵎⵥⵉⵡ,غول
130,askiḍ,ⴰⵙⴽⵉⴹ,سيف
131,tiza,ⵜⵉⵣⴰ,سلخ
132,amzour,ⴰⵎⵣⵓⵔ,جليل أو مهيب
133,amzday,ⴰⵎⵣⴷⴰⵢ,سائل نقي وصافي
134,imiziḍ,ⵉⵎⵉⵣⵉⴹ,حلو
135,bzzez,ⴱⵣⵣⴻⵣ,رغما
136,tazit,ⵜⴰⵣⵉⵜ,صدع في الارض
137,amzloḍ,ⴰⵎⵣⵍⵓⴹ,فقير
138,amzwr,ⴰⵎⵣⵡⵔ,شعر مظفور
139,azoukan,ⴰⵣⵓⴽⴰⵏ,شعر العانة
140,tazmrt,ⵜⴰⵣⵎⵔⵜ,استطاعة
141,amiriw,ⴰⵎⵉⵔⵉⵡ,عريض
142,araf,ⴰⵔⴰⴼ,قلي
143,irdli,ⵉⵔⴷⵍⵉ,بخل
144,trakna,ⵜⵔⴰⴽⵏⴰ,سجاد من صوف
145,awragh,ⴰⵡⵔⴰⵖ,ذهب
146,yelli,ⵢⴻⵍⵍⵉ,بنتي
147,iragh,ⵉⵔⴰⵖ,ملك الموت
148,middn,ⵎⵉⴷⴷⵏ,ناس
149,wachoun,ⵡⴰⵛⵓⵏ,عائلة
150,alagh,ⴰⵍⴰⵖ,عميق
151,al9a9,ⴰⵍⵇⴰⵇ,ناعم
152,awki,ⴰⵡⴽⵉ,إدراك
153,tikourda,ⵜⵉⴽⵓⵔⴷⴰ,سرقة
154,takrza,ⵜⴰⴽⵔⵣⴰ,حرث
155,aklal,ⴰⴽⵍⴰⵍ,اهل
156,ichoul,ⵉⵛⵓⵍ,معي دقيق
157,maknaw,ⵎⴰⴽⵏⴰⵡ,على غرار أو كما هو الشان
158,akmin,ⴰⴽⵎⵉⵏ,كومة وسط الحقل
159,abjlal,ⴰⴱⵊⵍⴰⵍ,قضيب
160,aywal,ⴰⵢⵡⴰⵍ,طبل طويل
161,ayyir,ⴰⵢⵢⵉⵔ,مساحة خضراء
162,ayrraw,ⴰⵢⵔⵔⴰⵡ,اجتمعاع شيوخ القبيلة
163,ichmir,ⵉⵛⵎⵉⵔ,شخص صعب فظ
164,animar,ⴰⵏⵉⵎⴰⵔ,صياد
165,izir,ⵉⵣⵉⵔ,جزيرة
166,atchil,ⴰⵜⵛⵉⵍ,رايب
167,aghraw,ⴰⵖⵔⴰⵡ,يد الكاس
168,a99a,ⴰⵇⵇⴰ,ها هو
169,ighmi,ⵉⵖⵎⵉ,دفع
170,tighouni,ⵜⵉⵖⵓⵏⵉ,إعاقة
171,aboukhsi,ⴰⴱⵓⵅⵙⵉ,انقراض أو اخماذ
172,i99i,ⵉⵇⵇⵉ,جنس
173,a9ernennay,ⴰⵇⴻⵔⵏⴻⵏⵏⴰⵢ,متشرد
174,isma,ⵉⵙⵎⴰ,اخوات
175,7ouma,ⵃⵓⵎⴰ,لكي
176,simḍa,ⵙⵉⵎⴹⴰ,انتهاء
177,inemlel,ⵉⵏⴻⵎⵍⴻⵍ,زلزال
178,amjoun,ⴰⵎⵊⵓⵏ,صدفة البحر
179,irar,ⵉⵔⴰⵔ,لعب
180,timna,ⵜⵉⵎⵏⴰ,اقوال
181,zoumbi,ⵣⵓⵎⴱⵉ,ذرة
182,tfiza,ⵜⴼⵉⵣⴰ,حيوان صغير
183,aklil,ⴰⴽⵍⵉⵍ,جبن
184,lal,ⵍⴰⵍ,سيدة
185,dad,ⴷⴰⴷ,سيد
186,amtl,ⴰⵎⵜⵍ,لعنة
187,afdiz,ⴰⴼⴷⵉⵣ,مطرقة
188,azḍi,ⴰⵣⴹⵉ,عملية قياس الطول
189,abrsi,ⴰⴱⵔⵙⵉ,كتلة تراب
190,tatout,ⵜⴰⵜⵓⵜ,نسيان
191,adrn,ⴰⴷⵔⵏ,بلوط
192,idid,ⵉⴷⵉⴷ,مؤن سائلة مخزنة
193,isagh,ⵉⵙⴰⵖ,فتحة
194,ardou,ⴰⵔⴷⵓ,اقحوان
195,tfirs,ⵜⴼⵉⵔⵙ,إجاص
196,tmoughli,ⵜⵎⵓⵖⵍⵉ,نظرة
197,bourn,ⴱⵓⵔⵏ,متوحش بربري
198,amsrou9,ⴰⵎⵙⵔⵓⵇ,ممر
199,oufough,ⵓⴼⵓⵖ,مخرج
200,badou,ⴱⴰⴷⵓ,متراس
201,taka,ⵜⴰⴽⴰ,مساحة
202,kal,ⴽⴰⵍ,مساحة
203,achbar,ⴰⵛⴱⴰⵔ,حفرة
204,a9doud,ⴰⵇⴷⵓⴷ,قضيب طفل غير مختن
205,takhna,ⵜⴰⵅⵏⴰ,شرج
206,tou9ouri,ⵜⵓⵇⵓⵔⵉ,جفاف
207,anyam,ⴰⵏⵢⴰⵎ,ساقي
208,tayti,ⵜⴰⵢⵜⵉ,عين (حسد)
209,oujenna,ⵓⵊⴻⵏⵏⴰ,سماء
210,abl,ⴰⴱⵍ,شفر العين
211,aysoum,ⴰⵢⵙⵓⵎ,لحم
212,al,ⴰⵍ,حتى
213,da,ⴷⴰ,هنا
214,dou/di,ⴷⵓ/ⴷⵉ,في
215,tou,ⵜⵓ,هذه
216,inou,ⵉⵏⵓ,لي
217,ounli,ⵓⵏⵍⵉ,ليس
218,if,ⵉⴼ,احسن
219,archil,ⴰⵔⵛⵉⵍ,زواج
220,tnaghit,ⵜⵏⴰⵖⵉⵜ,حيرة
221,wikd,ⵡⵉⴽⴷ,مع من
222,ammou,ⴰⵎⵎⵓ,هكذا
223,tisdnan,ⵜⵉⵙⴷⵏⴰⵏ,عشيقات
224,youlilla,ⵢⵓⵍⵉⵍⵍⴰ,مضيئ
225,abṭṭo,ⴰⴱⵟⵟⵓ,مشاركة
226,abghor,ⴰⴱⵖⵓⵔ,فائدة أو مصلحة
227,tafḍna,ⵜⴰⴼⴹⵏⴰ,صحن من حديد
228,maydi,ⵎⴰⵢⴷⵉ,في ماذا
229,wikid,ⵡⵉⴽⵉⴷ,برفقة من
230,tous tlata,ⵜⵓⵙ ⵜⵍⴰⵜⴰ,ثالثة
231,jar,ⵊⴰⵔ,مابين
232,mamkh,ⵎⴰⵎⵅ,كم
233,zikh ntta,ⵣⵉⵅ ⵏⵜⵜⴰ,إذا هو
234,oult,ⵓⵍⵜ,عزباء
235,moumi,ⵎⵓⵎⵉ,لمن
236,ab9i,ⴰⴱⵇⵉ,صينية كبيرة
237,amdoul,ⴰⵎⴷⵓⵍ,نعل
238,insli,ⵉⵏⵙⵍⵉ,نواة الشجرة
239,tamemmoult,ⵜⴰⵎⴻⵎⵎⵓⵍⵜ,قطيع الجمال
240,tallst,ⵜⴰⵍⵍⵙⵜ,ظلام
241,tawwort,ⵜⴰⵡⵡⵓⵔⵜ,باب
242,tarya,ⵜⴰⵔⵢⴰ,قناة السقي
243,ghilas,ⵖⵉⵍⴰⵙ,فهد
244,adfl,ⴰⴷⴼⵍ,ثلج
245,tbitast,ⵜⴱⵉⵜⴰⵙⵜ,سبانخ
246,taslouft,ⵜⴰⵙⵍⵓⴼⵜ,حشرة
247,matcha,ⵎⴰⵜⵛⴰ,اكل
248,tighira,ⵜⵉⵖⵉⵔⴰ,قراءة
249,aghyoul,ⴰⵖⵢⵓⵍ,حمار
250,ayouch,ⴰⵢⵓⵛ,ايوش (المعطي)
251,ourt,ⵓⵔⵜ,راة
252,aza9ouf,ⴰⵣⴰⵇⵓⴼ,مفسد
253,lid,ⵍⵉⴷ,لا (لا خبز ولا ماء)
254,asari,ⴰⵙⴰⵔⵉ,تنزه
255,9arghass,ⵇⴰⵔⵖⴰⵙⵙ,اقول لها
256,alkhs,ⴰⵍⵅⵙ,لبى (أول الحليب)
257,ajenjar,ⴰⵊⴻⵏⵊⴰⵔ,اجنجار
258,a9as,ⴰⵇⴰⵙ,حب
259,tisounat,ⵜⵉⵙⵓⵏⴰⵜ,حفاظة
260,isjn,ⵉⵙⵊⵏ,واحد
261,aghmas,ⴰⵖⵎⴰⵙ,اسنان
262,frymal,ⴼⵔⵢⵎⴰⵍ,عام القادم بعده
263,mouka,ⵎⵓⴽⴰ,بومة
264,tiḍounin,ⵜⵉⴹⵓⵏⵉⵏ,اخوات الزوج
265,ikhlijn,ⵉⵅⵍⵉⵊⵏ,ادغال
266,arzou,ⴰⵔⵣⵓ,بحث
267,anghal,ⴰⵏⵖⴰⵍ,تخيل
268,anoudm,ⴰⵏⵓⴷⵎ,نعاس
269,amoulgh,ⴰⵎⵓⵍⵖ,زحف
270,amoroḍ,ⴰⵎⵓⵔⵓⴹ,حبو
271,almouzi,ⴰⵍⵎⵓⵣⵉ,تجمد
272,ajan,ⴰⵊⴰⵏ,ربوض
273,aghilaf,ⴰⵖⵉⵍⴰⴼ,ظلم
274,tghawlt,ⵜⵖⴰⵡⵍⵜ,سرعة
275,tissinft,ⵜⵉⵙⵙⵉⵏⴼⵜ,إبرة
276,inghlan,ⵉⵏⵖⵍⴰⵏ,دلع
277,ahnouni,ⴰⵀⵏⵓⵏⵉ,سقوط
278,ads,ⴰⴷⵙ,قرب
279,amhyar,ⴰⵎⵀⵢⴰⵔ,انيق
280,amzwar,ⴰⵎⵣⵡⴰⵔ,أول
281,tisart,ⵜⵉⵙⴰⵔⵜ,منحدر
282,azlmaḍ,ⴰⵣⵍⵎⴰⴹ,يسار
283,a9ran,ⴰⵇⵔⴰⵏ,انسان مرضي
284,azirar,ⴰⵣⵉⵔⴰⵔ,طويل
285,oussar,ⵓⵙⵙⴰⵔ,مسن
286,azdad,ⴰⵣⴷⴰⴷ,رقيق
287,amzdagh,ⴰⵎⵣⴷⴰⵖ,ساكن
288,amdnwi,ⴰⵎⴷⵏⵡⵉ,صياد السمك
289,amrżag,ⴰⵎⵔⵥⴰⴳ,مُرٌّ
290,abssal,ⴰⴱⵙⵙⴰⵍ,بغيض
291,tażmmiṭ,ⵜⴰⵥⵎⵎⵉⵟ,طحين الشعير
292,tziwrin,ⵜⵣⵉⵡⵔⵉⵏ,زبيب
293,taghit,ⵜⴰⵖⵉⵜ,ذكاء
294,tamirout,ⵜⴰⵎⵉⵔⵓⵜ,عرض
295,achlghm,ⴰⵛⵍⵖⵎ,شارب
296,tyaghit,ⵜⵢⴰⵖⵉⵜ,نقل
297,ighrṣn,ⵉⵖⵔⵚⵏ,خيط من الصوف
298,ilidin,ⵉⵍⵉⴷⵉⵏ,مني
299,ifyafn,ⵉⴼⵢⴰⴼⵏ,براري
300,arzaf,ⴰⵔⵣⴰⴼ,زيارة
301,asliwliw,ⴰⵙⵍⵉⵡⵍⵉⵡ,زغرتة
302,irchal,ⵉⵔⵛⴰⵍ,صوت
303,ażżghaṭ,ⴰⵥⵥⵖⴰⵟ,سنة الماضية
304,afad,ⴰⴼⴰⴷ,عطش
305,a9chchoḍ,ⴰⵇⵛⵛⵓⴹ,خشب
306,tzyat,ⵜⵣⵢⴰⵜ,قنينة
307,ingh,ⵉⵏⵖ,حلق
308,ifkr,ⵉⴼⴽⵔ,سلحقاة
309,ta9ttount,ⵜⴰⵇⵜⵜⵓⵏⵜ,مزمار
310,abdour,ⴰⴱⴷⵓⵔ,حاجز
311,afdiḍ,ⴰⴼⴷⵉⴹ,بق (حشرة)
312,aghriw,ⴰⵖⵔⵉⵡ,تناء المزهرية
313,akernennay,ⴰⴽⴻⵔⵏⴻⵏⵏⴰⵢ,حصاة
314,amjiz,ⴰⵎⵊⵉⵣ,لعبة
315,amsdou,ⴰⵎⵙⴷⵓ,اداة تلميع السكين
316,anchiw,ⴰⵏⵛⵉⵡ,ضرط
317,anfḍ,ⴰⵏⴼⴹ,ولاعة
318,ta9rant,ⵜⴰⵇⵔⴰⵏⵜ,خيانة
319,tarbat,ⵜⴰⵔⴱⴰⵜ,بنت
320,arwi,ⴰⵔⵡⵉ,حيوان الدربان
321,arzezzi,ⴰⵔⵣⴻⵣⵣⵉ,دبور
322,toutimt,ⵜⵓⵜⵉⵎⵜ,انثى
323,ichmir,ⵉⵛⵎⵉⵔ,انف العجل
324,aznżar,ⴰⵣⵏⵥⴰⵔ,صرصور
325,azloul,ⴰⵣⵍⵓⵍ,بظر
326,ighiḍ,ⵉⵖⵉⴹ,رماد
327,ilm,ⵉⵍⵎ,جلد
328,ilmsi,ⵉⵍⵎⵙⵉ,مذخنة
329,isrs,ⵉⵙⵔⵙ,حقيبة اكل الحيوان
330,izin,ⵉⵣⵉⵏ,سقف مائل
331,amadoun,ⴰⵎⴰⴷⵓⵏ,غطاء
332,tamit/timitin,ⵜⴰⵎⵉⵜ/ⵜⵉⵎⵉⵜⵉⵏ,سرة
333,takhbayt,ⵜⴰⵅⴱⴰⵢⵜ,جرة كبيرة
334,tidinit,ⵜⵉⴷⵉⵏⵉⵜ,قطعة كبيرة من اللحم
335,tafa,ⵜⴰⴼⴰ,حجر لدرس القمح
336,tasliwgha,ⵜⴰⵙⵍⵉⵡⵖⴰ,خروب
337,taghma,ⵜⴰⵖⵎⴰ,حقيبة
338,taghrit,ⵜⴰⵖⵔⵉⵜ,عصى
339,ouḍar,ⵓⴹⴰⵔ,كاحل
340,talount,ⵜⴰⵍⵓⵏⵜ,غربال من جلد
341,tamdwast,ⵜⴰⵎⴷⵡⴰⵙⵜ,مكنسة (شطابة)
342,tamnghiwt,ⵜⴰⵎⵏⵖⵉⵡⵜ,قتل
343,ṭamża,ⵟⴰⵎⵥⴰ,غولة
344,a9ṭṭon,ⴰⵇⵟⵟⵓⵏ,حذاء (ليبوط)
345,asdi,ⴰⵙⴷⵉ,سلسلة عنق
346,tachwat,ⵜⴰⵛⵡⴰⵜ,مقبض الباب
347,tourta,ⵜⵓⵔⵜⴰ,ابن عرس
348,ouns,ⵓⵏⵙ,قرط الاذن
349,achwaḍ,ⴰⵛⵡⴰⴹ,راس السنبلة
350,azaylou,ⴰⵣⴰⵢⵍⵓ,سكة المحراث
351,tazra,ⵜⴰⵣⵔⴰ,حبل مصنوع من سعف النبات
352,ibra,ⵉⴱⵔⴰ,روث البقر (سماد)
353,tidi,ⵜⵉⴷⵉ,حجم أو القد
354,ilmi,ⵉⵍⵎⵉ,خلية النحل
355,irja,ⵉⵔⵊⴰ,جمرة
356,tisoubla,ⵜⵉⵙⵓⴱⵍⴰ,إبرة غليضة (مخيط)
357,tichit,ⵜⵉⵛⵉⵜ,قملة
358,tizlt,ⵜⵉⵣⵍⵜ,كلوة
359,tizt,ⵜⵉⵣⵜ,عظمة الترقوة
360,tawyalt,ⵜⴰⵡⵢⴰⵍⵜ,ناب
361,achfay,ⴰⵛⴼⴰⵢ,طري
362,aldoun,ⴰⵍⴷⵓⵏ,رصاص
363,anghda,ⴰⵏⵖⴷⴰ,بقاء
364,askoum,ⴰⵙⴽⵓⵎ,نبات الهليون
365,tadgha,ⵜⴰⴷⵖⴰ,نمس
366,ami,ⴰⵎⵉ,عندما
367,il99ou,ⵉⵍⵇⵇⵓ,الان
368,akras,ⴰⴽⵔⴰⵙ,إبهام
369,akinigh,ⴰⴽⵉⵏⵉⵖ,اقول لك
370,inslan,ⵉⵏⵙⵍⴰⵏ,مكنسة
371,asifaf,ⴰⵙⵉⴼⴰⴼ,غربلة
372,samr,ⵙⴰⵎⵔ,واجهة الجبل فيها شمس
373,tamnriwt,ⵜⴰⵎⵏⵔⵉⵡⵜ,زيادة
374,asḍn,ⴰⵙⴹⵏ,انجاب
375,aḍan,ⴰⴹⴰⵏ,مرض
376,afou,ⴰⴼⵓ,شروق
377,arwas,ⴰⵔⵡⴰⵙ,شبه
378,infr,ⵉⵏⴼⵔ,شبل
379,adouri,ⴰⴷⵓⵔⵉ,اختفاء
380,amghrad,ⴰⵎⵖⵔⴰⴷ,كون
381,siklou,ⵙⵉⴽⵍⵓ,شجرة
382,asyoun,ⴰⵙⵢⵓⵏ,صقر
383,al9agh,ⴰⵍⵇⴰⵖ,املس
384,bouch,ⴱⵓⵛ,قبعة
385,aslila,ⴰⵙⵍⵉⵍⴰ,ماء متسخ من الغسيل
386,isanit,ⵉⵙⴰⵏⵉⵜ,ناعورة
387,azwr,ⴰⵣⵡⵔ,جذر
388,abroun,ⴰⴱⵔⵓⵏ,حفرة
389,ziwa,ⵣⵉⵡⴰ,صحن كبير للعجينة
390,tifiḍli,ⵜⵉⴼⵉⴹⵍⵉ,شعر
391,imrzi,ⵉⵎⵔⵣⵉ,ظهر
392,amlzi,ⴰⵎⵍⵣⵉ,عرعار
393,toukhist,ⵜⵓⵅⵉⵙⵜ,سيئة
394,asesten,ⴰⵙⴻⵙⵜⴻⵏ,سؤال
395,ti99t,ⵜⵉⵇⵇⵜ,كي
396,oudi,ⵓⴷⵉ,زيت
397,inis/tinisan,ⵉⵏⵉⵙ/ⵜⵉⵏⵉⵙⴰⵏ,مفتاح
398,zik,ⵣⵉⴽ,باكرا
399,archroch,ⴰⵔⵛⵔⵓⵛ,حطب
400,tifkhsa,ⵜⵉⴼⵅⵙⴰ,معانات
401,ighid,ⵉⵖⵉⴷ,جدي
402,tmouzzrt,ⵜⵎⵓⵣⵣⵔⵜ,جهل
403,iln,ⵉⵍⵏ,قمار
404,tamazight,ⵜⴰⵎⴰⵣⵉⵖⵜ,أمازيغية - لغة
405,yat/at,ⵢⴰⵜ/ⴰⵜ,قرابة
406,tfala,ⵜⴼⴰⵍⴰ,حربة
407,amttoun,ⴰⵎⵜⵜⵓⵏ,خميرة
408,titcha,ⵜⵉⵜⵛⴰ,دودة
409,isli,ⵉⵙⵍⵉ,صخرة الواد
410,amṭṭa,ⴰⵎⵟⵟⴰ,دمع
411,aghzmir,ⴰⵖⵣⵎⵉⵔ,فك السفلي
412,amkli,ⴰⵎⴽⵍⵉ,غذاء
413,alli,ⴰⵍⵍⵉ,مخ
414,amnsi,ⴰⵎⵏⵙⵉ,عشاء
415,tanirt,ⵜⴰⵏⵉⵔⵜ,جبهة
416,oufough,ⵓⴼⵓⵖ,خروج
417,itchi,ⵉⵜⵛⵉ,طبخ
418,tadart,ⵜⴰⴷⴰⵔⵜ,مياه ضحلة
419,adini,ⴰⴷⵉⵏⵉ,مؤخرة
420,isdmar,ⵉⵙⴷⵎⴰⵔ,اتصال
421,inzr,ⵉⵏⵣⵔ,أنف
422,dghya,ⴷⵖⵢⴰ,بسرعة أو فورا
423,aḍo,ⴰⴹⵓ,ريح
424,anou,ⴰⵏⵓ,بئر
425,iḍo,ⵉⴹⵓ,اليوم
426,anwal,ⴰⵏⵡⴰⵍ,مسكن بالقصب والتراب
427,ouḍouḍ,ⵓⴹⵓⴹ,رضاعة
428,ahddouz,ⴰⵀⴷⴷⵓⵣ,مهراس
429,awal,ⴰⵡⴰⵍ,كلام
430,akhidous,ⴰⵅⵉⴷⵓⵙ,برنوس
431,ouwartiw,ⵓⵡⴰⵔⵜⵉⵡ,سنجاب
432,awrir,ⴰⵡⵔⵉⵔ,تل
433,ouchchn,ⵓⵛⵛⵏ,ابن آوى – الذئب
434,awma,ⴰⵡⵎⴰ,أخي
435,ayf,ⴰⵢⴼ,نهد
436,ayyaw,ⴰⵢⵢⴰⵡ,حفيد
437,touytcha,ⵜⵓⵢⵜⵛⴰ,غدا
438,mour,ⵎⵓⵔ,بلاد
439,tamourt,ⵜⴰⵎⵓⵔⵜ,ارض
440,ayrad,ⴰⵢⵔⴰⴷ,أسد
441,iżouran,ⵉⵥⵓⵔⴰⵏ,عروق
442,izzi/iżżan,ⵉⵣⵣⵉ/ⵉⵥⵥⴰⵏ,ذبابة
443,ismgh,ⵉⵙⵎⵖ,عبد
444,ighs,ⵉⵖⵙ,عظم
445,ifis,ⵉⴼⵉⵙ,ضبع
446,aylaf,ⴰⵢⵍⴰⴼ,سرب نحل
447,ilf,ⵉⵍⴼ,خنزير
448,aylmam,ⴰⵢⵍⵎⴰⵎ,بِركة – ضاية
449,imz,ⵉⵎⵣ,إبهام
450,aḍmaz,ⴰⴹⵎⴰⵣ,الم في البطن
451,ayndouz,ⴰⵢⵏⴷⵓⵣ,عجل
452,insi,ⵉⵏⵙⵉ,قنفذ
453,ayoujil,ⴰⵢⵓⵊⵉⵍ,يتيم
454,arif,ⴰⵔⵉⴼ,شاطئ
455,bab,ⴱⴰⴱ,مالك أو رب
456,baw/ibawn,ⴱⴰⵡ/ⵉⴱⴰⵡⵏ,فول
457,imi/a9mmoum,ⵉⵎⵉ/ⴰⵇⵎⵎⵓⵎ,فم
458,taḍoft,ⵜⴰⴹⵓⴼⵜ,صوف
459,ayis,ⴰⵢⵉⵙ,حصان
460,waw/wawl/wawllout,ⵡⴰⵡ/ⵡⴰⵡⵍ/ⵡⴰⵡⵍⵍⵓⵜ?,بركة ماء جارية
461,tadount,ⵜⴰⴷⵓⵏⵜ,شحم
462,tmiri,ⵜⵎⵉⵔⵉ,نور
463,tou9it,ⵜⵓⵇⵉⵜ,حجرة
464,taskourt,ⵜⴰⵙⴽⵓⵔⵜ,حجل الطائر
465,taḍkalt,ⵜⴰⴹⴽⴰⵍⵜ,نسيبة
466,tsist,ⵜⵙⵉⵙⵜ,شراب
467,tbourjt,ⵜⴱⵓⵔⵊⵜ,نافذة
468,taghmart,ⵜⴰⵖⵎⴰⵔⵜ,زاوية أو جانب من الحائط
469,taf9ount,ⵜⴰⴼⵇⵓⵏⵜ,فرن الخبز
470,aman,ⴰⵎⴰⵏ,ماء
471,tmart,ⵜⵎⴰⵔⵜ,لحية
472,astoul,ⴰⵙⵜⵓⵍ,اسم أو اللقب
473,imourknti,ⵉⵎⵓⵔⴽⵏⵜⵉ,غني
474,tsoumta,ⵜⵙⵓⵎⵜⴰ,وسادة
475,tghaṭet,ⵜⵖⴰⵟⴻⵜ,ماعزة
476,almti,ⴰⵍⵎⵜⵉ,رطوبة
477,tiwa,ⵜⵉⵡⴰ,مؤخرة العنق
478,talla,ⵜⴰⵍⵍⴰ,شلال
479,inrz,ⵉⵏⵔⵣ,قدم
480,ijman,ⵉⵊⵎⴰⵏ,منكبين
481,tsaft,ⵜⵙⴰⴼⵜ,نخلة مثمرة
482,makh,ⵎⴰⵅ,لماذا
483,tasmoḍi,ⵜⴰⵙⵎⵓⴹⵉ,برودة
484,taknift,ⵜⴰⴽⵏⵉⴼⵜ,خبزة دائرية
485,admi,ⴰⴷⵎⵉ,حماية
486,azaf,ⴰⵣⴰⴼ,وبر
487,amzdag,ⴰⵎⵣⴷⴰⴳ,نقي أو نظيف
488,tal,ⵜⴰⵍ,جدول
489,tayya,ⵜⴰⵢⵢⴰ,أَمَة (عبدة)
490,outm,ⵓⵜⵎ,ذكر
491,talfsa,ⵜⴰⵍⴼⵙⴰ,أفعى
492,switlal,ⵙⵡⵉⵜⵍⴰⵍ,معلمة
493,ḍari,ⴹⴰⵔⵉ,ماضي
494,fan,ⴼⴰⵏ,مقلاة
495,tichira,ⵜⵉⵛⵉⵔⴰ,شمع
496,azli,ⴰⵣⵍⵉ,جمال
497,tifa,ⵜⵉⴼⴰ,اسم بنت لإنجاب الذكور
498,amnous,ⴰⵎⵏⵓⵙ,سجار أو صراع
499,tilmit,ⵜⵉⵍⵎⵉⵜ,جبح
500,timjjt,ⵜⵉⵎⵊⵊⵜ,أذن
501,tijnt,ⵜⵉⵊⵏⵜ,عين الماء
502,tazṭṭat,ⵜⴰⵣⵟⵟⴰⵜ,رشوة
503,tinifin,ⵜⵉⵏⵉⴼⵉⵏ,جلبان
504,tiwyadt,ⵜⵉⵡⵢⴰⴷⵜ,استقامة
505,achchokaḍ,ⴰⵛⵛⵓⴽⴰⴹ,ذيل
506,din,ⴷⵉⵏ,هناك
507,tinifra,ⵜⵉⵏⵉⴼⵔⴰ,مشيمة
508,antour,ⴰⵏⵜⵓⵔ,شفة
509,oulik,ⵓⵍⵉⴽ,مؤن صلبة
510,ḍaḍ,ⴹⴰⴹ,أصبع
511,aghanim,ⴰⵖⴰⵏⵉⵎ,قصب
512,fous/ifassn,ⴼⵓⵙ/ⵉⴼⴰⵙⵙⵏ,يد
513,filou,ⴼⵉⵍⵓ,خيط
514,laż,ⵍⴰⵥ,جوع
515,loum,ⵍⵓⵎ,تبن
516,tirsa,ⵜⵉⵔⵙⴰ,محراث
517,mism,ⵎⵉⵙⵎ,كيف
518,nitnin,ⵏⵉⵜⵏⵉⵏ,هم
519,nigh,ⵏⵉⵖ,أو
520,ouzal,ⵓⵣⴰⵍ,حديد
521,tchek,ⵜⵛⴻⴽ,أنت
522,knniw,ⴽⵏⵏⵉⵡ,انتم
523,our,ⵓⵔ,لم (نافية)
524,oultma,ⵓⵍⵜⵎⴰ,أختي
525,tyażiḍt,ⵜⵢⴰⵥⵉⴹⵜ,دجاجة
526,ybba,ⵢⴱⴱⴰ,أبي
527,tounziwt,ⵜⵓⵏⵣⵉⵡⵜ,شعر فوق الجبهة
528,tmouzount,ⵜⵎⵓⵣⵓⵏⵜ,مال
529,amari,ⴰⵎⴰⵔⵉ,حد
530,your,ⵢⵓⵔ,شهر
531,oul,ⵓⵍ,قلب
532,djiwngh,ⴷⵊⵉⵡⵏⵖ,شبعت
533,atmoun,ⴰⵜⵎⵓⵏ,مطحنة التبن
534,adan,ⴰⴷⴰⵏ,امعاء
535,isagh,ⵉⵙⴰⵖ,ساحة
536,isghi,ⵉⵙⵖⵉ,طائر العقاب
537,aghi,ⴰⵖⵉ,حليب
538,tmghra,ⵜⵎⵖⵔⴰ,موسم الحصاد
539,arwas,ⴰⵔⵡⴰⵙ,كثير
540,tmousni,ⵜⵎⵓⵙⵏⵉ,معرفة
541,tazwewart,ⵜⴰⵣⵡⴻⵡⴰⵔⵜ,توبيخ
542,ouzoum,ⵓⵣⵓⵎ,بلوغ (فترة عمرية)
543,azddam,ⴰⵣⴷⴷⴰⵎ,حطاب
544,taziwḍi,ⵜⴰⵣⵉⵡⴹⵉ,حلاوة
545,azou,ⴰⵣⵓ,نبات اصفر
546,tamzourt,ⵜⴰⵎⵣⵓⵔⵜ,المراة في حالة الولادة
547,tażalit,ⵜⴰⵥⴰⵍⵉⵜ,صلاة
548,azgnoun,ⴰⵣⴳⵏⵓⵏ,عنقوذ
549,zim,ⵣⵉⵎ,زئير
550,tarwla,ⵜⴰⵔⵡⵍⴰ,هروب
551,sourif,ⵙⵓⵔⵉⴼ,خطوة
552,arital,ⴰⵔⵉⵜⴰⵍ,غنيمة
553,irsan,ⵉⵔⵙⴰⵏ,ايصابات
554,tamrarout,ⵜⴰⵎⵔⴰⵔⵓⵜ,رد أو الإرجاع
555,ar9as,ⴰⵔⵇⴰⵙ,مبعوث
556,ysi/ays,ⵢⵙⵉ/ⴰⵢⵙ,بناتي
557,tarwa,ⵜⴰⵔⵡⴰ,أبناء
558,oudan,ⵓⴷⴰⵏ,بشر
559,ouday,ⵓⴷⴰⵢ,يهودي
560,awlough,ⴰⵡⵍⵓⵖ,مص
561,lakh,ⵍⴰⵅ,صلصال
562,tkoufi,ⵜⴽⵓⴼⵉ,رغوة
563,tiwdi,ⵜⵉⵡⴷⵉ,رعب
564,akrous,ⴰⴽⵔⵓⵙ,عقدة
565,tikli,ⵜⵉⴽⵍⵉ,مشي
566,toukra,ⵜⵓⴽⵔⴰ,سب أو الإهانة
567,kaḍ,ⴽⴰⴹ,ورق
568,ikn/ikwin,ⵉⴽⵏ/ⵉⴽⵡⵉⵏ,توام
569,twachount,ⵜⵡⴰⵛⵓⵏⵜ,مراة
570,abtchoun,ⴰⴱⵜⵛⵓⵏ,رحم
571,tiyyar,ⵜⵉⵢⵢⴰⵔ,اصل أو السلالة
572,tamsjrt,ⵜⴰⵎⵙⵊⵔⵜ,سباق
573,tajalit,ⵜⴰⵊⴰⵍⵉⵜ,قسم
574,timert,ⵜⵉⵎⴻⵔⵜ,صيد
575,djouni,ⴷⵊⵓⵏⵉ,ربوض
576,ijwa,ⵉⵊⵡⴰ,صوت الخروف
577,taghwiwt,ⵜⴰⵖⵡⵉⵡⵜ,صراخ
578,aghray,ⴰⵖⵔⴰⵢ,إجهاض
579,tighlelt,ⵜⵉⵖⵍⴻⵍⵜ,حجاب يحجب به العريس
580,aghnou,ⴰⵖⵏⵓ,شفقة
581,9bala,ⵇⴱⴰⵍⴰ,وافر
582,a9oubou,ⴰⵇⵓⴱⵓ,شرب بلهف
583,aydi,ⴰⵢⴷⵉ,كلب
584,a9ounan,ⴰⵇⵓⵏⴰⵏ,مشرق الوجه
585,ahiri,ⴰⵀⵉⵔⵉ,سرج الجمل
586,souytma,ⵙⵓⵢⵜⵎⴰ,اخواتي
587,toumdt,ⵜⵓⵎⴷⵜ,تذوق
588,timli,ⵜⵉⵎⵍⵉ,بياض
589,timlagh,ⵜⵉⵎⵍⴰⵖ,مزاح
590,amas,ⴰⵎⴰⵙ,مركز أو وسط
591,tinit,ⵜⵉⵏⵉⵜ,رغبة
592,tazart,ⵜⴰⵣⴰⵔⵜ,تين
593,twala,ⵜⵡⴰⵍⴰ,مرة
594,tmda,ⵜⵎⴷⴰ,طائر الباشق
595,lalla,ⵍⴰⵍⵍⴰ,سيدتي
596,dada,ⴷⴰⴷⴰ,سيدي
597,adjou,ⴰⴷⵊⵓ,عملية الوزن
598,soudrous,ⵙⵓⴷⵔⵓⵙ,على الاقل
599,akhrsga,ⴰⵅⵔⵙⴳⴰ,اخرس
600,tini,ⵜⵉⵏⵉ,تمر
601,aflou,ⴰⴼⵍⵓ,لوز
602,ayrou,ⴰⵢⵔⵓ,مؤن في جلد الخروف أو علب
603,iṭom,ⵉⵟⵓⵎ,ركيزة
604,taza,ⵜⴰⵣⴰ,شوك النباتات
605,ars,ⴰⵔⵙ,مطالبة
606,andaw,ⴰⵏⴷⴰⵡ,قفزة
607,rik,ⵔⵉⴽ,سرج
608,tamdit,ⵜⴰⵎⴷⵉⵜ,مساء
609,asmorḍos,ⴰⵙⵎⵓⵔⴹⵓⵙ,خنق
610,tarkna,ⵜⴰⵔⴽⵏⴰ,زريبة
611,ilis,ⵉⵍⵉⵙ,شيء ناعم
612,tirit,ⵜⵉⵔⵉⵜ,واد صغير
613,stidt,ⵙⵜⵉⴷⵜ,حقا
614,farz,ⴼⴰⵔⵣ,اصفر البيض
615,tismin,ⵜⵉⵙⵎⵉⵏ,غيرة
616,anizom,ⴰⵏⵉⵣⵓⵎ,جريح
617,touroum,ⵜⵓⵔⵓⵎ,مقبض
618,amlal,ⴰⵎⵍⴰⵍ,ابيض
619,timi,ⵜⵉⵎⵉ,حاجب
620,inrfḍ,ⵉⵏⵔⴼⴹ,طحال
621,ach/ichchawn,ⴰⵛ/ⵉⵛⵛⴰⵡⵏ,قرن الحيوان
622,wi,ⵡⵉ,الذي
623,zi,ⵣⵉ,من
624,wou/you,ⵡⵓ/ⵢⵓ,هذا
625,akh,ⴰⵅ,على
626,anns,ⴰⵏⵏⵙ,له
627,mamk/mism,ⵎⴰⵎⴽ/ⵎⵉⵙⵎ,كيف
628,idmi,ⵉⴷⵎⵉ,بمجرد ان
629,afay,ⴰⴼⴰⵢ,طيران
630,asoudn,ⴰⵙⵓⴷⵏ,قبلة أو بوسة
631,iḍ,ⵉⴹ,ليل
632,snni,ⵙⵏⵏⵉ,من هناك
633,am,ⴰⵎ,مثل
634,arji,ⴰⵔⵊⵉ,مستعد أو جاهز
635,awli,ⴰⵡⵍⵉ,قطيع من الغنم
636,tift,ⵜⵉⴼⵜ,تقبة
637,tbarda,ⵜⴱⴰⵔⴷⴰ,بردعة
638,fitou,ⴼⵉⵜⵓ,غصن الشجرة
639,tafrt,ⵜⴰⴼⵔⵜ,ورقة
640,mizi,ⵎⵉⵣⵉ,مع من
641,ous tlata,ⵓⵙ ⵜⵍⴰⵜⴰ,الثالث
642,walou,ⵡⴰⵍⵓ,لاشئ
643,khwnni,ⵅⵡⵏⵏⵉ,لذلك
644,mlli,ⵎⵍⵍⵉ,لو
645,afouchil,ⴰⴼⵓⵛⵉⵍ,بندقية
646,tibghi,ⵜⵉⴱⵖⵉ,ضرع
647,wa9ila,ⵡⴰⵇⵉⵍⴰ,ربما
648,amkros,ⴰⵎⴽⵔⵓⵙ,حقيبة كبيرة
649,ja,ⵊⴰ,دلو من جلد
650,aghyay,ⴰⵖⵢⴰⵢ,نواة الفاكهة
651,tfawt,ⵜⴼⴰⵡⵜ,ضوء
652,tasount,ⵜⴰⵙⵓⵏⵜ,فراش
653,tasbalt,ⵜⴰⵙⴱⴰⵍⵜ,سقاية
654,izmr,ⵉⵣⵎⵔ,صغير الخروف
655,tabgha,ⵜⴰⴱⵖⴰ,توت
656,snj,ⵙⵏⵊ,فوق
657,tyout,ⵜⵢⵓⵜ,ضباب
658,ti9ouzla,ⵜⵉⵇⵓⵣⵍⴰ,مكر
659,slwan,ⵙⵍⵡⴰⵏ,فحم
660,tfiḍlit,ⵜⴼⵉⴹⵍⵉⵜ,تولال
661,akhan,ⴰⵅⴰⵏ,غائط
662,tira,ⵜⵉⵔⴰ,كتابة
663,tmoughra,ⵜⵎⵓⵖⵔⴰ,تموغرا
664,tasnst,ⵜⴰⵙⵏⵙⵜ,قشرة الراس
665,idbichn,ⵉⴷⴱⵉⵛⵏ,اخبار
666,asmmam,ⴰⵙⵎⵎⴰⵎ,حامض
667,asrboun,ⴰⵙⵔⴱⵓⵏ,غير منظم
668,asami,ⴰⵙⴰⵎⵉ,مجاورة
669,asdmr,ⴰⵙⴷⵎⵔ,دعوة
670,imz,ⵉⵎⵣ,لثة
671,altchin,ⴰⵍⵜⵛⵉⵏ,التشين
672,tiwya,ⵜⵉⵡⵢⴰ,زوج عكس الفرد
673,icht,ⵉⵛⵜ,واحدة
674,tough,ⵜⵓⵖ,كنت
675,zayma,ⵣⴰⵢⵎⴰ,سحلية
676,izi,ⵉⵣⵉ,مرارة
677,zara,ⵣⴰⵔⴰ,حديقة
678,arou,ⴰⵔⵓ,بكاء
679,anoughi,ⴰⵏⵓⵖⵉ,تخلي
680,anghar,ⴰⵏⵖⴰⵔ,صبيب
681,anzagh,ⴰⵏⵣⴰⵖ,فقدان
682,amoun,ⴰⵎⵓⵏ,ذهاب
683,amouti,ⴰⵎⵓⵜⵉ,تعويض
684,akounz,ⴰⴽⵓⵏⵣ,رعاف
685,amḍl,ⴰⵎⴹⵍ,قبر
686,ajfal,ⴰⵊⴼⴰⵍ,سباق الخيول
687,aghli,ⴰⵖⵍⵉ,غروب
688,tghount,ⵜⵖⵓⵏⵜ,عناد
689,a9llouj,ⴰⵇⵍⵍⵓⵊ,كاس
690,tchayt,ⵜⵛⴰⵢⵜ,لباس نسائي طويل
691,abzar,ⴰⴱⵣⴰⵔ,مساهمة
692,uggouj,ⵡⴳⴳⵓⵊ,بعد
693,anggar,ⴰⵏⴳⴳⴰⵔ,اخير
694,amzouz,ⴰⵎⵣⵓⵣ,تاخر
695,ibchrn,ⵉⴱⵛⵔⵏ,مخالب
696,afous,ⴰⴼⵓⵙ,يمين
697,ahbour,ⴰⵀⴱⵓⵔ,قوي
698,ariḍal,ⴰⵔⵉⴹⴰⵍ,معاق
699,achehboun,ⴰⵛⴻⵀⴱⵓⵏ,أشقر
700,akhmri,ⴰⵅⵎⵔⵉ,اسمر
701,azggagh,ⴰⵣⴳⴳⴰⵖ,احمر
702,amsrar,ⴰⵎⵙⵔⴰⵔ,جميل
703,bouḍ,ⴱⵓⴹ,قاع
704,amrdoul,ⴰⵎⵔⴷⵓⵍ,بخيل
705,timsghiwt,ⵜⵉⵎⵙⵖⵉⵡⵜ,شراء
706,afghoul,ⴰⴼⵖⵓⵍ,وقح
707,tazmrit,ⵜⴰⵣⵎⵔⵉⵜ,فرقة
708,toussou,ⵜⵓⵙⵙⵓ,سعال
709,aḍil,ⴰⴹⵉⵍ,عنب
710,tghalin,ⵜⵖⴰⵍⵉⵏ,حصان امازيغي اصيل
711,tili,ⵜⵉⵍⵉ,ظل
712,timsi,ⵜⵉⵎⵙⵉ,نار
713,tinitin,ⵜⵉⵏⵉⵜⵉⵏ,وحم
714,tafra,ⵜⴰⴼⵔⴰ,اخفاء
715,ighndan,ⵉⵖⵏⴷⴰⵏ,اداة (لقاط)
716,ikoufan,ⵉⴽⵓⴼⴰⵏ,لعاب
717,imal,ⵉⵎⴰⵍ,عام المقبل
718,anou9rt,ⴰⵏⵓⵇⵔⵜ,فضة
719,asjiḍ,ⴰⵙⵊⵉⴹ,مرض الحكة
720,awrm,ⴰⵡⵔⵎ,نبات اصفر
721,tzbboujt,ⵜⵣⴱⴱⵓⵊⵜ,زيتون بري
722,ddagg,ⴷⴷⴰⴳⴳ,نوع
723,a9lmoun,ⴰⵇⵍⵎⵓⵏ,غطاء لراس
724,arkouth,ⴰⵔⴽⵓⵜⵀ,غربال
725,a9ouṭi,ⴰⵇⵓⵟⵉ,اناء
726,ini,ⵉⵏⵉ,صخر يحيط بنار الطهي
727,mouch,ⵎⵓⵛ,قط
728,tighourar,ⵜⵉⵖⵓⵔⴰⵔ,اواني المطبخ
729,adrim,ⴰⴷⵔⵉⵎ,شغل
730,taftijt,ⵜⴰⴼⵜⵉⵊⵜ,شرارة
731,aghrwiḍ,ⴰⵖⵔⵡⵉⴹ,صبار
732,ahskal,ⴰⵀⵙⴽⴰⵍ,كلب مدرب
733,ajrtil,ⴰⵊⵔⵜⵉⵍ,حصيرة
734,al9am,ⴰⵍⵇⴰⵎ,مغناطيس
735,gougou,ⴳⵓⴳⵓ,عقل
736,andou,ⴰⵏⴷⵓ,طبق من الحلفاء
737,anchab,ⴰⵏⵛⴰⴱ,رمح
738,anfous,ⴰⵏⴼⵓⵙ,كم
739,arba,ⴰⵔⴱⴰ,ولد
740,ardouz,ⴰⵔⴷⵓⵣ,خنفساء
741,achlif,ⴰⵛⵍⵉⴼ,حذاء من خشب
742,takhri9t,ⵜⴰⵅⵔⵉⵇⵜ,تهمة
743,azar,ⴰⵣⴰⵔ,نبق
744,azir,ⴰⵣⵉⵔ,اكليل الجبل
745,azwar,ⴰⵣⵡⴰⵔ,فضيحة
746,ilellay,ⵉⵍⴻⵍⵍⴰⵢ,مقلع
747,aylis,ⴰⵢⵍⵉⵙ,دخان
748,iri,ⵉⵔⵉ,رقبة
749,ichr,ⵉⵛⵔ,ظفر
750,izri/izran,ⵉⵣⵔⵉ/ⵉⵣⵔⴰⵏ,شعر جمع اشعار
751,tirt/tiriwin,ⵜⵉⵔⵜ/ⵜⵉⵔⵉⵡⵉⵏ,واد بين الجبال
752,tmala,ⵜⵎⴰⵍⴰ,طائر يشبه الحمام
753,tasghda,ⵜⴰⵙⵖⴷⴰ,اداة للخياطة (كروشي)
754,tadrṣa,ⵜⴰⴷⵔⵚⴰ,حبل من حلفاء
755,tadout,ⵜⴰⴷⵓⵜ,حبر
756,tata,ⵜⴰⵜⴰ,حرباء
757,tafrawt,ⵜⴰⴼⵔⴰⵡⵜ,لوحة
758,taghrawt,ⵜⴰⵖⵔⴰⵡⵜ,حزام للاكمام
759,taghrot,ⵜⴰⵖⵔⵓⵜ,كتف
760,taltchint,ⵜⴰⵍⵜⵛⵉⵏⵜ,تلتشينت
761,tamda,ⵜⴰⵎⴷⴰ,بحيرة
762,tamllalt,ⵜⴰⵎⵍⵍⴰⵍⵜ,بيضة
763,amsl,ⴰⵎⵙⵍ,رجل الخلفية للحيوان
764,ta9a,ⵜⴰⵇⴰ,فتات الحبوب
765,miḍra,ⵎⵉⴹⵔⴰ,نخلة
766,tasrmt,ⵜⴰⵙⵔⵎⵜ,لجام
767,achbou,ⴰⵛⴱⵓ,قنينة من جلد
768,tawla,ⵜⴰⵡⵍⴰ,قطع فلاحية في الجبل
769,idr,ⵉⴷⵔ,سنبلة
770,ayous,ⴰⵢⵓⵙ,حجر البناء
771,tazdlt,ⵜⴰⵣⴷⵍⵜ,وشاح
772,ghirdm,ⵖⵉⵔⴷⵎ,عقرب
773,tibrint,ⵜⵉⴱⵔⵉⵏⵜ,حايك (لباس)
774,tiflillst,ⵜⵉⴼⵍⵉⵍⵍⵙⵜ,سنونو
775,tikti,ⵜⵉⴽⵜⵉ,ضرب
776,infis,ⵉⵏⴼⵉⵙ,غبار
777,iski,ⵉⵙⴽⵉ,روث الحيوان جاف
778,tichrt,ⵜⵉⵛⵔⵜ,وشم
779,tikhsi,ⵜⵉⵅⵙⵉ,نعحة
780,ariṣ,ⴰⵔⵉⵚ,سرج
781,oudim,ⵓⴷⵉⵎ,وجه أو الشأن
782,aghmay,ⴰⵖⵎⴰⵢ,برعم
783,amalou,ⴰⵎⴰⵍⵓ,مياه ذوبان الثلج
784,amrad,ⴰⵎⵔⴰⴷ,جرادة
785,arbou,ⴰⵔⴱⵓ,حرارة الجو
786,kerkday,ⴽⴻⵔⴽⴷⴰⵢ,حيوان الايل
787,asfnas,ⴰⵙⴼⵏⴰⵙ,نوع من الحلي
788,asmnyoud,ⴰⵙⵎⵏⵢⵓⴷ,جمع
789,asounswi,ⴰⵙⵓⵏⵙⵡⵉ,تجسس
790,agmmaz,ⴰⴳⵎⵎⴰⵣ,حك
791,iminigh,ⵉⵎⵉⵏⵉⵖ,اقول لكي
792,arwal,ⴰⵔⵡⴰⵍ,حرب
793,agoug,ⴰⴳⵓⴳ,حاجز لتغيير جريان الماء
794,malou,ⵎⴰⵍⵓ,واجهة الجبل فيها ظل
795,abḍi,ⴰⴱⴹⵉ,تقسيم
796,alwat,ⴰⵍⵡⴰⵜ,قنينة زجاج صغيرة
797,tama,ⵜⴰⵎⴰ,طرف
798,ouzan,ⵓⵣⴰⵏ,سميد الشعير
799,abram,ⴰⴱⵔⴰⵎ,اعراض
800,timghi,ⵜⵉⵎⵖⵉ,كبر
801,aghri,ⴰⵖⵔⵉ,نيئ
802,ajoumi,ⴰⵊⵓⵎⵉ,بور
803,agoumrd,ⴰⴳⵓⵎⵔⴷ,ضريبة
804,imoulay,ⵉⵎⵓⵍⴰⵢ,خطوبة
805,azli,ⴰⵣⵍⵉ,كلام غير مغهوم
806,lagoum,ⵍⴰⴳⵓⵎ,تبوريدة
807,afousir,ⴰⴼⵓⵙⵉⵔ,قدم (قياس)
808,tawllit,ⵜⴰⵡⵍⵍⵉⵜ,عنكبوت
809,anbḍor,ⴰⵏⴱⴹⵓⵔ,عتبة
810,i9ich,ⵉⵇⵉⵛ,بوق
811,a9sloul,ⴰⵇⵙⵍⵓⵍ,قالب
812,taswwart/tiswarin,ⵜⴰⵙⵡⵡⴰⵔⵜ/ⵜⵉⵙⵡⴰⵔⵉⵏ,غطاء النوم
813,tajra,ⵜⴰⵊⵔⴰ,صحن ممتلئ
814,zatgui,ⵣⴰⵜⴳⵉ,غابة
815,tasmtsnt,ⵜⴰⵙⵎⵜⵙⵏⵜ,موت
816,asṭl,ⴰⵙⵟⵍ,حلاق
817,amsi,ⴰⵎⵙⵉ,محو
818,alaghri,ⴰⵍⴰⵖⵔⵉ,اعتقاد
819,alou,ⴰⵍⵓ,فيل
820,adfa,ⴰⴷⴼⴰ,تفاح
821,tilchkhmt,ⵜⵉⵍⵛⵅⵎⵜ,لون رمادي
822,madoun,ⵎⴰⴷⵓⵏ,كسكاس
823,tinwachin,ⵜⵉⵏⵡⴰⵛⵉⵏ,ازهار
824,ifri,ⵉⴼⵔⵉ,كهف
825,afoundr,ⴰⴼⵓⵏⴷⵔ,تكبر
826,arghn,ⴰⵔⵖⵏ,اشعال
827,aray,ⴰⵔⴰⵢ,وقاية
828,ajlouw/ijlwiwn,ⴰⵊⵍⵓⵡ/ⵉⵊⵍⵡⵉⵡⵏ,كف
829,tazoult,ⵜⴰⵣⵓⵍⵜ,كحل التزيين
830,tratcha,ⵜⵔⴰⵜⵛⴰ,شبكة
831,wfigh,ⵡⴼⵉⵖ,وجدت
832,sersgh,ⵙⵔⵙⵖ,ُوضعت
833,a7ounjr,ⴰⵃⵓⵏⵊⵕ,برد القارس
834,77ounjrgh,ⵃⵃⵓⵏⵊⵕⵖ,بردت جدا
835,afray,ⴰⴼⵔⴰⵢ,سياج
836,takmoust,ⵜⴰⴽⵎⵓⵙⵜ,حزمة
837,yoursl,ⵢⵓⵔⵙⵍ/ⵉⵢⵓⵔⵙⵍⵏ,فِطر
838,taslift,ⵜⴰⵙⵍⵉⴼⵜ,أخت الزوجة
839,taydout,ⵜⴰⵢⴷⵓⵜ,قفة
840,tażrout,ⵜⴰⵥⵕⵓⵜ,حجرة
841,ssirdgh,ⵙⵙⵉⵔⴷⵖ,غسلتُ
842,ghrk,ⵖⵔⴽ!,انتبهْ
843,rrigh,ⵔⵔⵉⵖ,أعدتُ
844,trarit,ⵜⵔⴰⵔⵉⵜ,إعادة
845,nak3agh,ⵏⴰⴽⵄⴰⵖ,رضعتُ
846,ssank3agh,ⵙⵙⴰⵏⴽⵄⴰⵖ,أرضعتُ
847,barbragh,ⴱⴰⵔⴱⵔⴰⵖ,تغطيت جيدا
848,inifif,ⵉⵏⵉⴼⵉⴼ,محقن
849,l3afit,ⵍⵄⴰⴼⵉⵜ,نار
850,imnyarn,ⵉⵎⵏⵢⴰⵕⵏ,خصيتين
851,trjijigh,ⵜⵜⵔⵊⵉⵊⵉⵖ,رجفتُ
852,khay9agh,ⵅⴰⵢⵢⵇⵖ,قلِقتُ
853,za3fagh,ⵣⴰⵄⴼⴰⵖ,تعصبتُ
854,sroutgh,ⵙⵕⵓⵜⵖ,حصدت
855,yafragh,ⵢⴰⴼⵕⴰⵖ,معوج
856,tasraft/tisrfin,ⵜⴰⵙⵔⴰⴼⵜ/ⵜⵉⵙⵔⴼⵉⵏ,مخزن/مخازن
857,amouzzr,ⴰⵎⵓⵣⵣⵔ,سعر
858,tgherghert,ⵜⵖⵕⵖⵕⵜ,فقونة
859,taf99ount,ⵜⴰⴼⵇⵇⵓⵏⵜ,فقونة
860,tziwa,ⵜⵥⵉⵡⴰ,قصعة
861,aryti,ⴰⵔⵢⵜⵉ,عجين
862,Tagerst,ⵜⴰⴳⵔⵙⵜ,شتاء
863,Tafsut,ⵜⴰⴼⵙⵓⵜ,ربيع
864,Amawan,ⴰⵎⴰⵡⴰⵏ,خريف
865,AnZar,ⴰⵏⵥⴰⵕ,مطر
866,Ilel,ⵉⵍⴻⵍ,بحر
867,Aftas,ⴰⴼⵜⴰⵙ,ساحل
868,Tabruri,ⵜⴰⴱⵔⵓⵔⵉ,برَد
869,Ajris,ⴰⵊⵔⵉⵙ,صقيع
870,Tayyut,ⵜⴰⵢⵢⵓⵜ,سحاب كثيف
871,Tayyught,ⵜⴰⵢⵢⵓⵖⵜ,موجة
872,TajruDeyt,ⵜⴰⵊⵔⵓⴷⴻⵢⵜ,عاصفة
873,Assemmiḍ,ⴰⵚⵎⵎⵉⴹ,برد
874,Afssay,ⴰⴼⵙⴰⵢ,عين
875,Tanzruft,ⵜⴰⵏⵣⵔⵓⴼⵜ,صحراء
876,Asseddi n Idurar,ⴰⵙⴻⴷⴷⵉ ⵏ ⵉⴷⵓⵔⴰⵔ,سلسلة جبلية
877,Tireft,ⵜⵉⵔⴼⵜ,سلسلة هضاب
878,Tiwrar,ⵜⵉⵡⵔⴰⵔ,هضاب
879,TaZuDa,ⵜⴰⵣⵓⴷⴰ,منبسط
880,Uduz n TDarut,ⵓⴷⵓⵣ ⵏ ⵜⴷⴰⵔⵓⵜ,ضغط جوي
881,mmays,ⵎⵎⴰⵢⵙ,لا أعرف
882,ttalmgh,ⵜⵜⴰⵍⵎⵖ,أنسج
883,azouzr,ⴰⵣⵓⵣⵔ,تصفية القمح بالطريقة التقليدية
884,aghsmir,ⴰⵖⵙⵎⵉⵔ,ذقن
885,ikhf,ⵉⵅⴼ,رأس
886,miżiḍ,ⵎⵉⵥⵉⴹ,حلو/لذيذ
887,amessas,ⴰⵎⵙⵙⴰⵙ,بلا طعم
888,Azbar,ⴰⵣⴱⴰⵔ,وجع شديد
889,Anedder,ⴰⵏⴻⴷⴷⴻⵔ,وجع مستمر
890,Aṣṣater,ⴰⵚⵚⴰⵜⵔ,وجع موضعي مستمر
891,Anżwi,ⴰⵏⵥⵡⵉ,مغص في البطن
892,Izza,ⵉⵣⵣⴰ,قرحة المعدة
893,ssaerwṭagh,ⵙⵙⴰⵔⵡⵟⴰⵖ,أفصل الخش عن الزرع برميه في السماء باستعمال المدرة
894,tazart,ⵜⴰⵣⴰⵔⵜ,مدرة
895,ta399ayt,ⵜⴰⵄⵇⵇⴰⵢⵜ,حبة
896,taghyayt,ⵜⴰⵖⵢⴰⵢⵜ,نواة
897,amkraz,ⴰⵎⴽⵔⴰⵣ,فلاح
898,atig,ⴰⵜⵉⴳ,ثمن
899,khalat,ⵅⴰⵍⴰⵜ,نساء
900,hakhach,ⵀⴰⵅⴰⵛ,خُذ
901,azalim,ⴰⵣⴰⵍⵉⵎ,بصل
902,abrṭiṭ,ⴰⴱⵔⵟⵉⵟ,وحل متشبع بالماء
903,kanoun,ⴽⴰⵏⵓⵏ,مكان إشعال النار ( تقال أيضا للمنزل الذي تجتمع فيه عدة أسر متقاربة)
904,taryazt,ⵜⴰⵔⵢⴰⵣⵜ,رجولة
905,mmounswgh,ⵎⵎⵓⵏⵙⵡⵖ,تعشيتُ
906,tchgh,ⵜⵛⵖ,أكلتُ
907,anli,ⴰⵏⵍⵉ,عقل
908,ddoulgh,ⴷⴷⵓⵍⵖ,رجعتُ
909,3ayrgh,ⵄⴰⵢⵔⵖ,شتمتُ
910,addriz,ⴰⴷⴷⵔⵉⵣ,صداع
911,na99agh,ⵏⴰⵇⵇⴰⵖ,قتلتُ
912,ttasgh,ⵜⵜⴰⵙⵖ,فعل للدلالة على القرابة
913,takna,ⵜⴰⴽⵏⴰ,ضرة
914,tiskkine,ⵜⵉⵙⴽⴽⵉⵏ,فضلات البقر
915,7affagh,ⵃⴰⴼⴼⴰⵖ,حلّقتُ
916,ta3jjajt,ⵜⴰⵄⵊⵊⴰⵊⵜ,غبار
917,tta9t,ⵜⵜⴰⵇⵜ,نافذة
918,rakhsas,ⵕⴰⵅⵚⴰⵚ,فطير من الزرع
919,ntabgh,ⵏⵜⴰⴱⵖ,بدأت
920,anzi,ⴰⵏⵣⵉ,مثل
921,tzra,ⵜⵣⵔⴰ,خيط
922,tirjin,ⵜⵉⵔⵊⵉⵏ,جمر
923,mourdgh,ⵎⵓⵔⴷⵖ,أحبو
924,yighdn,ⵢⵉⵖⴷⵏ,رماد
925,adkhs,ⴰⴷⵅⵙ,لبا ( حليب البقرة بعد ولادتها لعجل )
926,a9rzaz,ⴰⵇⵔⵣⴰⵣ,بخيل
927,ymmour,ⵢⵎⵎⵓⵔ,طاب
928,ażarif,ⴰⵥⴰⵔⵉⴼ,شبة
929,abr9o3,ⴰⴱⵔⵇⵓⵄ,انتفاخ في الجلد بعد إصابة
930,j99imt,ⵊⵇⵇⵉⵎⵜ,شربة صغيرة
931,asymi,ⴰⵙⵢⵎⵉ,تربية
932,tamssawarawt,ⵜⴰⵎⵙⴰⵔⴰⵡⵜ,قابلة
933,imndi,ⵉⵎⵏⴷⵉ,شعير
934,asfri,ⴰⵙⴼⵔⵉ,رمان
935,żabragh,ⵥⴰⴱⵕⴰⵖ,أصبت بشدة
936,agmmṭ,ⴰⴳⵎⵎⵟ,تلوية الرضيع في قماش
937,talwest,ⵜⴰⵍⵡⵙⵜ,أخت الزوج
938,alews,ⴰⵍⵡⵙ,أخ الزوج
939,tawsa,ⵜⴰⵡⵙⴰ,هدية
940,timattin,ⵜⵉⵎⴰⵜⵜⵉⵏ,مشيمة
941,as7onḍr,ⴰⵙⵃⵓⵏⴹⵕ,نهيق الحمار
942,sligh,ⵙⵍⵉⵖ,سمعتُ
943,akhlij,ⴰⵅⵍⵉⵊ,نبات كثيف
944,tazkkart,ⵜⴰⵣⴽⴽⵯⴰⵔⵜ,شوك
945,asttif,ⴰⵙⵜⵜⵉⴼ,نبات شوكي
946,nnoudoumgh,ⵏⵏⵓⴷⵓⵎⵖ,أحس بالنعاس
947,z3fgh,ⵣⵄⴼⵖ,عضضتُ
948,sfsough,ⵙⴼⵙⵓⵖ,أذبتُ
949,amorḍoṣ,ⴰⵎⵓⵕⴹⵓⵚ,جيفة
950,maḍragh,ⵎⴰⴹⵕⴰⵖ,رميتُ
951,amdyaz,ⴰⵎⴷⵢⴰⵣ,شاعر
952,izimr,ⵉⵣⵉⵔⵎ,صغير النعجة
953,taskkourt,ⵜⴰⵙⴽⴽⵓⵔⵜ,حجلة
954,ḍḍanżagh,ⴹⴰⵏⵏⵥⴰⵖ,أمزحُ
955,aslm,ⴰⵙⵍⵎ,سمكة
956,islman,ⵉⵙⵍⵎⴰⵏ,سمك
957,akhdmi,ⴰⵅⴷⵎⵉ,سكين
958,skhsigh,ⵙⵅⵙⵉⵖ,أطفأتُ
959,tibbi,ⵜⵉⴱⴱⵉ,بقولة/خبيزة
960,zrigh,ⵣⵔⵉⵖ,رأيتُ
961,rnigh,ⵔⵏⵉⵖ,زِدتُ
962,adjoun,ⴰⴷⵊⵓⵏ,بندير
963,7digh,ⵃⴹⵉⵖ,راقبتُ
964,9ozz3gh,ⵇⵓⵣⵣⵄⵖ,تغوطتُ
965,chewwef,ⵛⵡⵡⴼ,شعر
966,3dough,ⵄⴷⵓⵖ,مررتُ
967,amwan,ⴰⵎⵡⴰⵏ,فصل الخريف
968,tajrst,ⵜⴰⵊⵔⵙⵜ,فصل الشتاء
969,anfnouf,ⴰⵏⴼⵏⵓⴼ,مطر خفيف
970,ajjaj,ⴰⵊⵊⴰⵊ,برق
971,tignout,ⵜⵉⴳⵏⵓⵜ,عاصفة
972,tasirt,ⵜⴰⵙⵉⵔⵜ,عاصفة بحربة
973,amjjagwaj,ⴰⵎⵊⵊⴰⴳⵡⴰⵊ,إعصار
974,ouzghgh,ⵓⵣⵖⵖ,يبستُ
975,ddrgh,ⴷⴷⵔⵖ,عِشتُ
976,taymegh,ⵜⴰⵢⵎⴻⵖ,أسقي
977,am9yas,ⴰⵇⵢⴰⵙ,سلسلة يدوية
978,tfayen,ⵜⴼⴰⵢⵏ,حِلِي
979,hkkigh,ⵀⴽⴽⵉⵖ,أنزلُ
980,a9boch,ⴰⵇⴱⵓⵛ,إناء ماء طيني
981,a3ror,ⴰⵄⵔⵓⵔ,كتف
982,agzzan,ⴰⴳⵣⵣⴰⵏ,مشعوذ
983,inchouchn,ⵉⵏⵛⵓⵛⵏ,شفاه
984,sifḍagh,ⵙⵉⴼⴹⴰⵖ,أرسلتُ
985,mmanghigh,ⵎⵎⴰⵏⵖⵉⵖ,تشاجرتُ
986,amnghi,ⴰⵎⵏⵖⵉ,شجار
987,ndhgh,ⵏⴷⵀⵖ,بدأتُ
988,frngh,ⴼⵔⵏⵖ,أفرزُ
989,saggmagh,ⵙⴰⴳⴳⵎⴰⵖ,أصلحتُ
990,kksgh,ⴽⴽⵙⵖ,قلعتُ
991,ra3igh,ⵕⴰⵄⵉⵖ,انتظرتُ
992,achcharn,ⴰⵛⵛⴰⵔⵏ,أظافر
993,targa,ⵜⴰⵔⴳⴰ,ساقية
994,ayyour,ⴰⵢⵢⵓⵔ,قمر
995,laghzagh,ⵍⴰⵖⵥⴰⵖ,التوى كاحلي
996,nsigh,ⵏⵙⵉⵖ,بِتُّ
997,amnyar,ⴰⵎⵏⵢⴰⵕ,خصية
998,ddwlgh,ⴷⴷⵡⵍⵖ,رجعت/أصبحت
999,ḍḍrgh,ⴹⴹⵕⵖ,هبطت
1000,khseghch,ⵅⵙⵖⵛ,احبك/ اريدك
1001,az3ou9,ⴰⵣⵄⵓⵇ,جحش
1002,sousm,ⵙⵓⵙⵎ,اسكت
1003,kanoun,ⴽⴰⵏⵓⵏ,بيت مشكل من عدة أسر
1004,ibzzegu,ⵉⴱⵥⵥⴻⴳ,مبتل
1005,a9l9ol,ⴰⵇⵍⵇⵓⵍ,رأس
1006,arssoḍ,ⴰⵕⵚⵚⵓⴹ,متسخ جدا
1007,timmi/ tammiwin,ⵜⵉⵎⵎⵉ/ⵜⴰⵎⵎⵉⵡⵉⵏ,حاجب/حواجب
1008,ablyoun,ⴰⴱⵍⵢⵓⵏ,رمش العين
1009,daffargh,ⴹⴰⴼⴼⴰⵕⵖ,أتبعُ
1010,azzlgh,ⴰⵣⵣⵍⴰⵖ,جريتُ
1011,zadghagh,ⵣⴰⴷⵖⴰⵖ,سكنتُ
1012,karrzagh,ⴽⴰⵔⵔⵣⴰⵖ,حرثت
1013,ayenni,ⴰⵢⴻⵏⵏⵉ,ذلك أو كذلك
1014,ifeffan,ⵉⴼⴻⴼⴼⴰⵏ,بزازل
1015,ggin,ⴳⴳⵉⵏ,يكونون
1016,timntal,ⵜⵉⵎⵏⵜⴰⵍ,أسباب
1017,tazwart,ⵜⴰⵣⵡⴰⵔⵜ,مشادة كلامية
1018,tikkra,ⵜⵉⴽⴽⵯⵔⴰ,سب الصريح
1019,talkhsa,ⵜⴰⵍⵅⵙⴰ,بيصارة
1020,s39rgh,ⵙⵄⵇⵔⵖ,أحتقر
1021,tkhsi,ⵜⵅⵙⵉ,نعجة
1022,wwilgh,ⵡⵡⵉⵍⵖ,علّقتُ
1023,msrmasgh,ⵎⵙⵔⵎⴰⵙⵖ,أتعاركُ
1024,ṭṭfgh,ⵟⵟⴼⵖ,قبضتُ
1025,azbbouj,ⴰⵣⴱⴱⵓⵊ,زيتون بري
1026,tazmmourt,ⵜⴰⵣⵎⵎⵓⵔⵜ,شجرة الزيتون
1027,agdal,ⴰⴳⴷⴰⵍ,حقل رعي محدود و مقسم بين القبائل
1028,tisidlt,ⵜⵉⵙⵉⴷⵍⵜ,قلعة مقدسة و محمية فوق الجبل
1029,ajdir,ⴰⵊⴷⵉⵔ,حصن
1030,tmourghi,ⵜⵎⵓⵔⵖⵉ,جراد
1031,ouguigh,ⵓⴳⵉⵖ,رفضتُ
1032,tmaguit,ⵜⵎⴰⴳⵉⵜ,هوية
1033,zayyragh,ⵣⴰⵢⵢⵕⴰⵖ,شددتُ
1034,ttawgh,ⵟⵟⴰⵡⵖ,أطير
1035,dzigh,ⴹⵥⵉⵖ,قنعت او اعتزلت
1036,alowwi9,ⴰⵍⵓⵡⵡⵉⵇ,صفعة
1037,ttawigh,ⵜⵜⴰⵡⵉⵖ,أشبهُ
1038,rwsgh,ⵔⵡⵙⵖ,أشبهُ
1039,tirwas,ⵜⵉⵔⵡⴰⵙ,شبه
1040,awri,ⴰⵡⵔⵉ,حيوان الاوري
1041,ytchour,ⵢⵜⵛⵓⵕ,ممتلئ
1042,wḍḍrgh,ⵡⴹⴹⵔⵖ,هملت
1043,wtgh,ⵡⵜⵖ,ضربتُ
1044,tl3gh,ⵜⵍⵄⵖ,رحلت بحرقة
1045,inyan,ⵉⵏⵢⴰⵏ,حجارة التي يوضع عليها قدر الطهي
1046,frwaymal,ⴼⵔⵡⴰⵢⵎⴰⵍ,عام بعد العام المقبل
1047,frważżghaṭ,ⴼⵔⵡⴰⵥⵥⵖⴰⵟ,عام قبل العام الماضي
1048,ażghaṭ,ⴰⵥⵖⴰⵟ,عام الماضي
1049,anḍaw,ⴰⵏⴹⴰⵡ,قفز
1050,amnntrou,ⴰⵎⵏⵏⵜⵔⵓ,متسول
1051,Twachoult/tiwachulin,ⵜⵡⴰⵛⵓⵍⵜ/ⵜⵉⵡⴰⵛⵓⵍⵉⵏ,عائلة/عائلات
1052,Tayetti,ⵜⴰⵢⵜⵜⵉ,نظر
1053,Sfsygh,ⵙⴼⵙⵢⵖ,أُذوّب
1054,tagant,ⵜⴰⴳⴰⵏⵜ,غابة
1055,tizgui,ⵜⵉⵣⴳⵉ,غابة
1056,tasraft,ⵜⴰⵙⵔⴰⴼⵜ,مطمورة
1057,amnous,ⴰⵎⵏⵓⵙ,هم
1058,sousmgh,ⵙⵓⵙⵎⵖ,سكتتُ
1059,ghzough,ⵖⵣⵓⵖ,استحق ذلك التعامل مني
1060,żwigh,ⵥⵡⵉⵖ,قطعتُ
1061,amzil,ⴰⵎⵣⵉⵍ,حدّاد
1062,bouhllgh,ⴱⵓⵀⵍⵍⵖ,جُننتُ
1063,sskngh,ⵙⵙⴽⵏⵖ,أبينُ
1064,ttrgh,ⵜⵜⵔⵖ,طلبتُ
1065,neflegh,ⵏⴼⵍⵖ,بدلتُ
1066,uṭṭun,ⵓⵟⵟⵓⵏ,رقم
1067,9ch3,ⵇⵛⵄ,أشعِل
1068,asnsi,ⴰⵙⵏⵙⵉ,مبيت
1069,irad,ⵉⵕⴰⴷ,ليث
1070,djiwngh,ⴷⵊⵉⵡⵏⵖ,شبعتُ
1071,awssar/tawssart,ⴰⵡⵙⵙⴰⵔ/ⵜⴰⵡⵙⵙⴰⵔⵜ,عجوز/عجوزة
1072,fighar,ⴼⵉⵖⴰⵕ,أفعى
1073,gaḍragh,ⴳⴰⴹⵕⴰⵖ,سمِنتُ
1074,żżogh,ⵥⵥⵓⵖ,غرستُ
1075,99imgh,ⵇⵇⵉⵎⵖ,جلستُ
1076,aghimi,ⴰⵖⵉⵎⵉ,جلوس
1077,asoughl,ⴰⵙⵓⵖⵍ,ترجمة
1078,nghigh,ⵏⵖⵉⵖ,قتلتُ
1079,zzourgh,ⵣⵣⵓⵔⵖ,جُرَّ
1080,oumdwil,ⵓⵎⴷⵡⵉⵍ,نعال بالية
1081,ahrkous,ⴰⵀⵔⴽⵓⵙ,حذاء
1082,asaṭer,ⴰⵚⴰⵟⵔ,ألم
1083,ażbar,ⴰⵥⴱⴰⵕ,ألم
1084,tborjt,ⵜⴱⵓⵕⵊⵜ,نافذة صغيرة
1085,inbdan,ⵉⵏⴱⴷⴰⵏ,جمال ؟
1086,rwlagh,ⵕⴰⵡⵍⴰⵖ,هربت
1087,taghnjayt,ⵜⴰⵖⵏⵊⴰⵢⵜ,ملعقة
1088,sghigh,ⵙⵖⵉⵖ,ُاشتريت
1089,achawn,ⴰⵛⴰⵡⵏ,قرون
1090,gharsagh,ⵖⴰⵕⵚⴰⵖ,ُذبحت
1091,chrwḍgh,ⵛⵕⵡⴹ,قطعتُ
1092,chbrkght,ⵛⴱⵔⴽⵖⵜ,خيطتها
1093,chrrggh,ⵛⵔⵔⴳⵖ,قطّعت
1094,ychwwr,ⵢⵛⵡⵡⵕ,صالح
1095,99an,ⵇⵇⴰⵏ,ربط
1096,99l,ⵇⵇⵍ,انظر
1097,99sgh,ⵇⵇⵙⵖ,أريد
1098,9arrmegh,ⵇⴰⵔⵔⵎⵖ,عظامي تؤلمني
1099,9nn,ⵇⵏⵏ,سد
1100,a3rour,ⴰⵄⵔⵓⵔ,ظهر
1101,a3rrim,ⴰⵄⵔⵔⵉⵎ,حفنة كبيرة
1102,a7chouch,ⴰⵃⵛⵓⵛ,حِضن
1103,a7rir,ⴰⵃⵔⵉⵔ,بركوكش
1104,a9oḍaḍ,ⴰⵇⵓⴹⴰⴹ,قصير
1105,a9wir,ⴰⵇⵡⵉⵔ,سياج
1106,abchich/ibchichn,ⴰⴱⵛⵉⵛ/ⵉⴱⵛⵉⵛⵏ,بول
1107,abeddi,ⴰⴱⴷⴷⵉ,وقوف
1108,abenner,ⴰⴱⵏⵏⵔ,مضاجعة
1109,aberkan,ⴰⴱⵔⴽⴰⵏ,أسود
1110,abnji,ⴰⴱⵏⵊⵉ,مضيف
1111,abrach,ⴰⴱⵕⴰⵛ,رمادي
1112,abrid/ibrdan,ⴰⴱⵔⵉⴷ/ⵉⴱⵔⴷⴰⵏ,طريق/طرق
1113,ach3kouk,ⴰⵛⵄⴽⵓⴽ,شعر طويل غير ممشوط
1114,achar/ichcharn,ⴰⵛⴰⵔ/ⵉⵛⵛⴰⵔⵏ,ظفر/أظافر
1115,achffar,ⴰⵛⴼⴼⴰⵕ,لص
1116,achlaf,ⴰⵛⵍⴰⴼ,تسلق
1117,achnyal/ichnyaln,ⴰⵛⵏⵢⴰⵍ/ⵉⵛⵏⵢⴰⵍⵏ,عَلم
1118,admr,ⴰⴷⵎⵔ,نصف صدر
1119,adrar/idourar,ⴰⴷⵔⴰⵔ/ⵉⴷⵓⵔⴰⵔ,جبل/جبال
1120,afermach,ⴰⴼⵔⵎⴰⵛ,بدون أسنان
1121,afghoul,ⴰⴼⵖⵓⵍ,أبله
1122,afoussi,ⴰⴼⵓⵙⵉ,أيمن
1123,afraḍ,ⴰⴼⵔⴰⴹ,أزبال
1124,afrn,ⴰⴼⵔⵏ,تنقية
1125,afrṭeṭṭou,ⴰⴼⵔⵟⴻⵟⵟⵓ,فراشة
1126,aghi asemmam,ⴰⵖⵉ ⴰⵙⵎⴰⵎ,لبن
1127,aghidou,ⴰⵖⵉⴷⵓ,وردة
1128,aghilas,ⴰⵖⵉⵍⴰⵙ,نمر
1129,aghrrabou,ⴰⵖⵕⵕⴰⴱⵓ,باخرة
1130,agmmaḍ,ⴰⴳⵎⵎⴰⴹ,ضفة الأخرى
1131,ahrmouch,ⴰⵃⵔⵎⵓⵛ,غزال
1132,ajdig/tajdigt,ⴰⵊⴷⵉⴳ,وردة
1133,ijidr,ⵉⵊⵉⴷⵔ/ⵉⵊⵉⴷⵔⵏ,نسر
1134,ajnwi,ⴰⵊⵏⵡⵉ,سكين
1135,aknif,ⴰⴽⵏⵉⴼ,شواء
1136,akrkor,ⴰⴽⵔⴽⵓⵕ,حجارة فوق بعضها
1137,alim,ⴰⵍⵉⵎ,تبن
1138,alloun,ⴰⵍⵍⵓⵏ,دف او بندير
1139,am99ran,ⴰⵎⵇⵇⵕⴰⵏ,رئيس، الأكبر
1140,amazr/imouzzar,ⴰⵎⴰⵣⵔ/ⵉⵎⵓⵣⵣⴰⵔ,شلال/شلالات
1141,amchoum,ⴰⵎⵛⵓⵎ,لئيم
1142,amellal,ⴰⵎⵍⵍⴰⵍ,أبيض
1143,amghar,ⴰⵎⵖⴰⵔ,شيخ
1144,amjjiw,ⴰⵎⵊⵊⵉⵡ,أذن
1145,amjjoḍ,ⴰⵎⵊⵊⵓⴹ,أصلع
1146,amouzr,ⴰⵎⵓⵣⵔ,رئيس
1147,amoḍil,ⴰⵎⵓⴹⵉⵍ,ممرض
1148,amsfar,ⴰⵎⵙⴼⴰⵔ,صيدلي
1149,amssesfar,ⴰⵎⵙⵙⴻⵙⴼⴰⵔ,طبيب
1150,amzrouy,ⴰⵎⵣⵔⵓⵢ,تاريخ
1151,amzwar,ⴰⵎⵣⵡⴰⵔ,رئيس، الأول،
1152,amṭṭa/imṭṭwn,ⴰⵎⵟⵟⴰ/ⵉⵎⵟⵟⴰⵡⵏ,دمعة، دموع
1153,anamk,ⴰⵏⴰⵎⴽ,معنى
1154,anbdou,ⴰⵏⴱⴷⵓ,صيف
1155,anfrar,ⴰⵏⴼⵔⴰⵔ,مهم
1156,anghour,ⴰⵏⵖⵓⵔ,فناء/لمراح
1157,anoujiw,ⴰⵏⵓⵊⵉⵡ,ضيف
1158,anssikhf,ⴰⵏⵙⵙⵉⵅⴼ,رئيس
1159,arkkouth,ⴰⵔⴽⴽⵓⵝ,غربال من جلد الماعز مثقوب بالمخيط
1160,arnan,ⴰⵔⵏⴰⵏ,بيدر
1161,arraw,ⴰⵕⵕⴰⵡ,نسل
1162,arrouḍ,ⴰⵕⵕⵓⴹ,لباس
1163,aserdoun/isrdan,ⴰⵙⵔⴷⵓⵏ/ⵉⵙⵔⴷⴰⵏ,بغل/بغال
1164,aserwat,ⴰⵙⵕⵡⴰⵟ,درس الزرع
1165,asfar,ⴰⵙⴼⴰⵔ,دواء
1166,asghouyyou,ⴰⵙⵖⵓⵢⵢⵓ,صراخ
1167,askkil/iskkiln,ⴰⵙⴽⴽⵉⵍ,حرف
1168,asough,ⴰⵙⵓⵖ,هاوية السحيقة
1169,assam,ⴰⵙⵙⴰⵎ,برق
1170,asserwat,ⴰⵙⵔⵡⴰⵟ,دريس
1171,assif,ⴰⵙⵉⴼ,واد النهر
1172,assimi,ⴰⵙⵉⵎⵉ,رضيع
1173,assrghoud,ⴰⵙⵙⵔⵖⵓⴷ,تهنئة
1174,atbir/tatbirt,ⴰⵜⴱⵉⵔ/ⵜⴰⵜⴱⵉⵔⵜ,حمام/حمامة
1175,atchini,ⴰⵜⵛⵉⵏⵉ,لتشيني
1176,aterras,ⴰⵜⵔⵔⴰⵙ,رجل
1177,atti,ⴰⵜⵜⵉ,يطير
1178,awi,ⴰⵡⵉ,اجلب
1179,awragh,ⴰⵡⵕⴰⵖ,أصفر
1180,awrjij,ⴰⵡⵕⵊⵉⵊ,زيزية/cigale
1181,awssar,ⴰⵡⵙⵙⴰⵔ,عجوز
1182,awtm,ⴰⵡⵜⵎ,ذكر
1183,ayddoud,ⴰⵢⴷⴷⵓⴷ,شعب
1184,aydi/iyḍan,ⴰⵢⴷⵉ/ⵉⵢⴹⴰⵏ,كلب/كلاب
1185,ayllim,ⴰⵢⵍⵍⵉⵎ,جلد/peau
1186,ayr/iyran,ⴰⵢⵔ/ⵉⵢⵔⴰⵏ,حقل/حقول
1187,ayrouḍ,ⴰⵢⵔⵓⴹ,ثور
1188,aytmas,ⴰⵢⵜⵎⴰⵙ,إخوته
1189,ayyis,ⴰⵢⵢⵉⵙ,فرس
1190,az99or,ⴰⵣⵇⵇⵓⵕ,جذع الشجرة
1191,azaghar,ⴰⵣⴰⵖⴰⵔ,سهل
1192,azerwal,ⴰⵣⵕⵡⴰⵍ,أزرق
1193,azil,ⴰⵣⵉⵍ,بعد الظهر
1194,azizaw,ⴰⵣⵉⵣⴰⵡ,أخضر
1195,azlaf,ⴰⵣⵍⴰⴼ,حلفاء نهرية
1196,azn,ⴰⵣⵏ,أرسل
1197,azouzzr,ⴰⵣⵓⵣⵣⵔ,تدرية او فصل الحبوب عن التبن
1198,azro,ⴰⵥⵕⵓ,حجر
1199,ażrf,ⴰⵥⵔⴼ,فضة
1200,aḍggal,ⴰⴹⴳⴳⵯⴰⵍ,نسيب
1201,aḍlib,ⴰⴹⵍⵉⴱ,عدو
1202,aḍrghal,ⴰⴹⵔⵖⴰⵍ,أعمى
1203,bedd,ⴱⴷⴷ,انهض
1204,bouhyyouf,ⴱⵓⵀⵢⵢⵓⴼ,جوع شديد
1205,bouykerkas,ⴱⵓⵢⴽⵔⴽⴰⵙ,كذاب
1206,che7loufgh,ⵛⵛⵃⵍⵓⴼⵖ,تحطُب، تجمع الحطب
1207,chmchr,ⵛⵎⵛⵔ,جرَحَ بشكل عنيف
1208,chtattou,ⵛⵟⵟⴰⵟⵓ,غربال دقيق
1209,djiyyi,ⴷⵊⵉⵢⵢⵉ,اتركني
1210,djoullegh,ⴷⵊⵓⵍⵍⵖ,حلفت/أقسمت
1211,drous,ⴷⵔⵓⵙ,قليل
1212,foud/ifaddn,ⴼⵓⴷ/ⵉⴼⴰⴷⴷⵏ,ركبة/ركبات
1213,ggzegh,ⴳⴳⵣⵖ,أفهم
1214,ghrwmt!,ⵖⵔⵡⵎⵜ!,احذرن
1215,ghrwn!,ⵖⵔⵡⵏ!,احذروا
1216,goggo,ⴳⵓⴳⴳⵓ,عقل
1217,i9arridn,ⵉⵇⴰⵔⵔⵉⴹⵏ,أموال
1218,i9chchodn,ⵉⵇⵛⵛⵓⴹⵏ,حطب
1219,ich7laf,ⵉⵛⵃⵍⴰⴼ,حطب
1220,idarn,ⵉⴹⴰⵔⵏ,أرجل
1221,idil,ⵉⴷⵉⵍ,شجرة أرز
1222,idmarn,ⵉⴷⵎⴰⵔⵏ,صدر ( جمع نصف صدر )
1223,ighs/ighsan,ⵉⵖⵙ/ⵉⵖⵙⴰⵏ,عظم/عظام
1224,ighzr,ⵉⵖⵥⵕ,واد النهر
1225,ihnjirn,ⵉⵃⵏⵊⵉⵔⵏ,أطفال
1226,ikhiyye9,ⵉⵅⵉⵢⵇ,غضِب
1227,ikikd,ⵉⴽⵉⴽⴷ,لوز
1228,ikniwn,ⵉⴽⵏⵉⵡⵏ,توأم
1229,ils,ⵉⵍⵙ,لسان
1230,imalas,ⵉⵎⴰⵍⴰⵙ,أسبوع
1231,imdayn,ⵉⵎⴷⴰⵢⵏ,لعاب
1232,imjjan,ⵉⵎⵊⵊⴰⵏ,أذان
1233,imrmz,ⵉⵎⵔⵎⵣ,قمح ديميطة
1234,imtmi,ⵢⵎⵜⵎⵉ,لعاب
1235,ineddi,ⵉⵏⴷⴷⵉ,يعطب
1236,ineflass,ⵉⵏⴼⵍⴰⵙⵙ,مؤمنين
1237,irrwegh,ⵉⵕⵕⵡⵖ,أجمع
1238,isirs,ⵉⵙⵉⵔⵙ,كيس من صوف مزركش يعلق حول فم الخيل لإطعامه واقفا
1239,isamḍan,ⵉⵚⴰⵎⴹⴰⵏ,بارد
1240,isoufgha,ⵉⵙⵓⴼⵖⴰ,طرد
1241,iwdan,ⵉⵡⴷⴰⵏ,ناس
1242,izlmad,ⵉⵣⵍⵎⴰⴹ,أيسر
1243,izmr,ⵉⵣⵎⵔ,خروف
1244,iḍnnaḍ,ⵉⴹⵏⵏⴰⴹ,أمس
1245,iḍoḍan,ⵉⴹⵓⴹⴰⵏ,أصابع
1246,jarouf,ⵊⴰⵔⵓⴼ,غراب
1247,khzr,ⵅⵣⵔ,انظر
1248,kker,ⴽⴽⵔ,انهض
1249,kkregh,ⴽⴽⵔⵖ,استفقت
1250,krfgh,ⴽⵔⴼⵖ,ربطت
1251,l3ri,ⵍⵄⵔⵉ,غابة
1252,l7em,ⵍⵃⵎ,اقترب
1253,ldoudan,ⵉⴷⵓⴷⴰⵏ,دافئ
1254,lmdegh,ⵍⵎⴷⵖ,تعلمت
1255,mad,ⵎⴰⴷ,إنسان
1256,manstou,ⵎⴰⵏⵙⵜⵓ,من تكون هذه السيدة/البنت
1257,manswou,ⵎⴰⵏⵙⵡⵓ,من يكون هذا الرجل/الولد
1258,maynjaras,ⵎⴰⵢⵏⵊⴰⵔⴰⵙ,ماذا وقع له
1259,mazigh,ⵎⴰⵣⵉⵖ,أمازيغي
1260,memmis,ⵎⴻⵎⵎⵉⵙ,ابنه
1261,moużour,ⵎⵓⵥⵓⵔ,غليظ
1262,nanam,ⵏⴰⵏⴰⵎ,قالو/يُقال
1263,neffer,ⵏⴼⴼⵔ,ندُسُّ
1264,nnoumgh,ⵏⵏⵓⵎⵖ,ألفتُ
1265,ouchouchf,ⵓⵛⵓⵛⴼ,سباحة
1266,oultmas,ⵓⵍⵜⵎⴰⵙ,أخته
1267,oumas,ⵓⵎⴰⵙ,أخوه
1268,ourar,ⵓⵔⴰⵔ,حفل/زواج
1269,ourjigh,ⵓⵔⵊⵉⵖ,حلمت
1270,ourjighchk,ⵓⵔⵊⵉⵖⵛⴽ,حلمت بكَ
1271,ourtou,ⵓⵔⵝⵓ,شجرة التين
1272,out yilan,ⵓⵜ ⵢⵉⵍⴰⵏ,من يكون
1273,rdlayyi,ⵔⴹⵍⴰⵢⵢⵉ,أقرضني
1274,rghan,ⵔⵖⴰⵏ,ساخن
1275,sarout,ⵙⴰⵔⵓⵜ,مفتاح
1276,sekked,ⵙⴻⴽⴽⴻⴷ,أرسل
1277,sghlygh,ⵙⵖⵍⵢⵖ,أبتلع
1278,sghouyyough,ⵙⵖⵓⵢⵢⵓⵖ,أصرخ
1279,sifd,ⵙⵉⴼⴹ,أرسل
1280,sloullyouw,ⵙⵍⵓⵍⵢⵓⵢ,زغردي
1281,sriwriwgh,ⵙⵔⵉⵡⵔⵉⵡⵖ,زغردت
1282,ssfeye,ⵙⵙⴼⴻⵢⵢ,غلّي
1283,ssmḍeḍ,ⵙⵚⵎⴻⴹ,برّد
1284,ssnw,ⵙⵙⵏⵡ,طيّب
1285,ssrghigh,ⵙⵙⵔⵖⵉⵖ,أشعلت
1286,sszghl,ⵙⵣⵖⵍ,دفّي
1287,ta7ndourt,ⵜⴰⵃⵏⴷⵓⵔⵜ,بيت صغير متواضع
1288,ta99out,ⵜⴰⵇⵇⵓⵜ,مضاجعة
1289,ta9ttount,ⵜⴰⵇⵟⵟⵓⵏⵜ,كومة حطب
1290,taddart,ⵜⴰⴷⴷⴰⵔⵜ,منزل
1291,tadoukat,ⵜⴰⴷⵓⴽⴰⵜ,مساء
1292,tafougla n ouknaf,ⵜⴰⴼⵓⴳⵍⴰ ⵏ ⵓⴽⵏⴰⴼ,حفل شواء
1293,tafounast,ⵝⴰⴼⵓⵏⴰⵙⵜ,بقرة
1294,tafza,ⵜⴰⴼⵣⴰ,كلس
1295,taghnant,ⵜⴰⵖⵏⴰⵏⵜ,عناد
1296,taghrabot,ⵜⴰⵖⵔⴰⴱⵓⵜ,فلوكة
1297,tamghart,ⵜⴰⵎⵖⴰⵔⵜ,امرأة
1298,tamghra,ⵜⴰⵎⵖⵔⴰ,زواج
1299,tamja,ⵜⴰⵎⵊⴰ,ناي
1300,tamjjouṭ,ⵜⴰⵎⵊⵊⵓⵟ,صلعاء
1301,tammnt,ⵜⴰⵎⵎⵏⵜ,عسل
1302,tamoḍilt,ⵜⴰⵎⵓⴹⵉⵍⵜ,ممرضة
1303,tamssaṭ,ⵜⴰⵎⵚⵚⴰⵟ/ⵜⵉⵎⵚⴹⵉⵏ,فخذ/أفخاذ
1304,tamssesfart,ⵜⴰⵎⵙⵙⴻⵙⴼⴰⵔⵜ,طبيبة
1305,tamḍlt,ⵜⴰⵎⴹⵍⵜ,مقبرة
1306,tamṭṭoṭ,ⵜⴰⵎⵟⵟⵓⵟ,امرأة
1307,tandut,ⵜⴰⵏⴷⵓⵜ,طبك صغير
1308,tanwwalt,ⵜⴰⵏⵡⵡⴰⵍⵜ,بيت الخزين
1309,tar7,ⵟⴰⵕⵃ,اجلس
1310,tarddazt,ⵜⴰⵔⴷⴷⴰⵣⵜ,شبر
1311,tarid,ⵜⴰⵔⵉⴷ,تَكتب
1312,tarout,ⵜⴰⵕⵓⵜ/ⵜⵉⵕⵜⵉⵏ,رئة/رئتين
1313,tarzzift,ⵜⴰⵔⵣⵣⵉⴼⵜ,هدية
1314,tasffart,ⵜⴰⵙⴼⴼⴰⵔⵜ,صيدلية
1315,tasirth,ⵜⴰⵙⵉⵔⵝ,مطحنة يدوية للزرع
1316,tasklut,ⵜⴰⵙⴽⵍⵓⵜ,شجرة
1317,tassa,ⵜⴰⵙⴰ,كبد
1318,tawinst,ⵜⴰⵡⵉⵏⵙⵜ,جملة
1319,tawouri,ⵜⴰⵡⵓⵔⵉ,عمل
1320,tawtmt,ⵜⴰⵡⵜⵎⵜ,أنثى
1321,tayda,ⵜⴰⵢⴷⴰ,صنوبر
1322,tayttoft,ⵜⴰⵢⵟⵟⵓⴼⵜ,نملة
1323,tazdouyi,ⵜⴰⵣⴷⵓⵢⵉ,نظافة
1324,tazizwit,ⵜⴰⵣⵉⵣⵡⵜ,نحلة
1325,tazkkrt,ⵝⴰⵣⴽⵯⵕⵝ,سدر
1326,tazkṭa,ⵜⴰⵣⴽⵟⴰ,حيوان الرباح أو السبسب
1327,tazlit,ⵜⴰⵥⵍⵉⵜ,أغنية
1328,tazmmit,ⵟⴰⵣⵎⵎⵉⵜ,زميطة
1329,tazolt,ⵜⴰⵥⵓⵍⵜ,كحل للتزيين
1330,tazrart,ⵜⴰⵣⵔⴰⵔⵜ,سلسلة
1331,tazurit/tazarit/tazarin,ⵜⴰⵥⵓⵔⵉⵜ,دالية
1332,tazzart,ⵜⴰⵣⵣⴰⵔⵜ,مدراة
1333,tazzla,ⵜⴰⵣⵣⵍⴰ,جري
1334,taż99a,ⵜⴰⵥⵇⵇⴰ,سطح
1335,tbby/ybby,ⵜⴱⴱⵢ,تقطع
1336,tbḍiḍ,ⵜⴱⴹⵉⴹ,تُفرق
1337,tchichd,ⵜⵛⵉⵛⴷ,تعطي
1338,tchna3,ⵜⵛⵏⴰⵄ,لها قيمة
1339,tebbou,ⵝⴻⴱⴱⵓ,تحمل صغيرها على ظهرها
1340,tebchegh,ⵟⴰⴱⴱⵛⴰⵖ,فزكت بزاف
1341,teklid,ⵜⴻⴽⵍⵉⴷ,ظللت
1342,teltlegh,ⵜⵣⵍⵜⵍⵖ,فزكَت
1343,tghirdemt,ⵜⵖⵉⵔⴷⵎⵜ,عقرب صفراء
1344,tghirḍmt,ⵜⵖⵉⵔⴹⵎⵜ,عقرب
1345,tgouriwin,ⵜⴳⵓⵔⵉⵡⵉⵏ,كلمات
1346,tha9zzint,ⵝⴰⵇⵣⵣⵉⵏⵜ,حريكَة
1347,thayda,ⵝⴰⵢⴷⴰ,شجرة الصنوبر
1348,thizourin,ⵝⵉⵣⵓⵔⵉⵏ,عنب
1349,tidi,ⵜⵉⴷⵉ,عَرَق
1350,tifdnin,ⵜⵉⴼⴷⵏⵉⵏ,أصابع الأرجل
1351,tifgh,ⵜⵉⴼⵖ,ألقى
1352,tifikt,ⵜⵉⴼⵉⴽⵜ,محقن
1353,tiflellest,ⵝⵉⴼⵍⴻⵍⵍⴻⵙⵜ,طائر السنونو
1354,tigaz,ⵜⵉⴳⴰⵣ,وشم
1355,tighmrt,ⵜⵉⵖⵎⵔⵜ,زاوية
1356,tighmst/tighmas,ⵜⵉⵖⵎⵙⵜ/ⵜⵉⵖⵎⴰⵙ,سن/أسنان
1357,tihnjirin,ⵜⵉⵃⵏⵊⵉⵔⵉⵏ,طفلات
1358,tikrkas,ⵜⵉⴽⵔⴽⴰⵙ,كذب
1359,tilelli,ⵜⵉⵍⴻⵍⵍⵉ,حرية
1360,timlilaye,ⵜⵉⵎⵍⵉⵍⴰⵢ,دوخة
1361,timoutcha,ⵜⵉⵎⵓⵜⵛⴰ,عطاء
1362,timouzounin,ⵜⵉⵎⵓⵣⵓⵏⵉⵏ,أموال
1363,tin3achin,ⵜⵉⵏⵄⴰⵛⵉⵏ,أموال
1364,tiniri,ⵜⵉⵏⵉⵔⵉ,صحراء
1365,tislit,ⵜⵉⵙⵍⵉⵜ,عروس
1366,tiwast,ⵜⵉⵡⴰⵙⵜ,شجرة اللوز
1367,tizi,ⵜⵉⵣⵉ,فج
1368,tizit,ⵝⵉⵥⵉⵜ,شجرة التين
1369,tkhancht,ⵜⵅⴰⵏⵛⵜ,كيس
1370,tlla,ⵜⵍⵍⴰ,تكون/توجد
1371,tloussi,ⵜⵍⵓⵙⵉ,زبدة
1372,tmalla,ⵜⵎⴰⵍⵍⴰ,يمامة
1373,tmijja,ⵜⵎⵉⵊⵊⴰ,حلاقم
1374,tmourt,ⵜⵎⵓⵔⵜ,أرض
1375,tne99d,ⵜⵏⴻⵇⵇⴷ,تُنهك نفسك
1376,toudimt,ⵜⵓⴷⵉⵎⵜ,قطرة
1377,toudmt,ⵜⵓⴷⵎⵔⵜ,شخصية أو هيئة
1378,touggnfa,ⵜⵓⴳⴳⵏⴼⴰ,طب عام
1379,toumrt,ⵜⵓⵎⵔⵜ,فرح
1380,toura,ⵜⵓⵔⴰ,الآن
1381,trdzough,ⵜⵔⴷⵣⵓⵖ,أبحث
1382,tregg7ed,ⵜⵕⴳⴳⵯⵃⴷ,ترجع إلى البيت
1383,trough,ⵜⵔⵓⵖ,أبكي
1384,trrid,ⵜⵔⵔⵉⴷ,تربح
1385,trrou,ⵜⵔⵔⵓ,كثير
1386,tsawnt,ⵜⵙⴰⵡⵏⵜ,عقبة
1387,tsegh,ⵟⵙⵖ,نِمت
1388,ttaçigh,ⵜⵜⴰⴽⵉⵖ,أحس
1389,ttedjegh,ⵜⵜⴷⵊⵖ,أترك
1390,tteggd,ⵜⵜⵯⵓⴳⴷ,تخاف
1391,tżżi,ⵜⵥⵥⵉ,تحلب
1392,udi,ⵓⴷⵉ,سمن
1393,unzwi,ⵓⵏⵣⵡⵉ,وجع
1394,w7did,ⵡⵃⴹⵉⴹ,رضيع
1395,wcha,ⵡⵛⴰ,أعطى
1396,wkka,ⵡⴽⴽⴰ,أعاد فعل الشيء
1397,wla7,ⵡⵍⴰⵃ,لا يوجد
1398,99imgh,ⵇⵇⵉⵎⵖ,بقيت
1399,99orgh,ⵇⵇⵓⵕⵖ,يبست
1400,99igh,ⵇⵇⵉⵖ,ضاجعت
1401,ddragh,ⴹⴹⵕⴰⵖ,نزل
1402,yasba7,ⵢⴰⵚⴱⴰⵃ,جميل
1403,azngh,ⴰⵣⵏⵖ,بعثت
1404,yażiḍ,ⵢⴰⵥⵉⴹ,ديك
1405,chenniwgh,ⵛⵏⵏⵉⵡⵖ,غنيت
1406,yellis,ⵢⵍⵍⵉⵙ,بنته/بنتها
1407,yemmas,ⵢⵎⵎⴰⵙ,والدته
1408,yendou,ⵢⵏⴷⵓ,ممخوض
1409,rechlzgh,ⵔⵛⵍⵖ,تزوجت
1410,yessis,ⵢⵙⵙⵉⵙ,بناته
1411,yessmas,ⵢⵙⵎⴰⵙ,أخواته
1412,ffghagh,ⴼⴼⵖⴰⵖ,خرجت
1413,ffrgh,ⴼⴼⵔⵖ,دسست
1414,yggj,ⵢⴳⴳⵯⵊ,بعيد
1415,ggourgh,ⴳⴳⵓⵔⵖ,مشيت
1416,ghrsgh,ⵖⵕⵚⵖ,ذبحت
1417,7oufgh,ⵃⵓⴼⵖ,سقطت
1418,imḍgh,ⵉⵎⴹⵖ,مررت
1419,yissint,ⵢⵉⵙⵙⵉⵏⵜ,أخذوها
1420,iwigh,ⵉⵡⵉⵖ,جلبت
1421,iwḍgh,ⵉⵡⴹⵖ,وصلت
1422,lghzmgh,ⵍⵖⵥⵎⵖ,التوى مفصلي
1423,mmouzzrgh,ⵎⵎⵓⵣⵣⵔⵖ,خرجت عن جادة صوابي
1424,mḍrgh,ⵎⴹⵕⵖ,رميت
1425,yndf,ⵢⵏⴷⴼ,مجروح
1426,nnoumgh,ⵏⵏⵓⵎⵖ,اعتدت
1427,nyigh,ⵏⵢⵉⵖ,ركبت
1428,oudfgh,ⵓⴷⴼⵖ,دخلت
1429,ouḍngh,ⵓⴹⵏⵖ,مَرِضَ
1430,rwlgh,ⵕⵡⵍⵖ,هربت
1431,ssfghagh,ⵙⵙⴼⴼⵖⴰⵖ,أخرجت
1432,ssidfgh,ⵙⵙⵉⴷⴼⵖ,أدخلت
1433,ssimḍgh,ⵙⵙⵉⵎⴹⵖ,ذهبت لزيارة الطبيب
1434,ssirdgh,ⵙⵙⵉⵔⴷⵖ,غسلت
1435,ssoughlgh,ⵙⵙⵓⵖⵍⵖ,أترجم
1436,ytkessa,ⵢⵜⴽⵙⵙⴰ,يأخذ/يتحمل/يمكن أن يحتوي
1437,tloulouchgh,ⵜⵍⵓⵍⵓⵛⵖ,أمشي ببطء
1438,ytmater,ⵢⵜⵎⴰⵜⵔ,يترامى/كثير
1439,ytratzam,ⵢⵜⵕⴰⵜⵥⴰⵎ,ينفتح
1440,tradżagh,ⵜⵔⴰⴷⵥⴰⵖ,أكسر
1441,trough,ⵜⵔⵓⵖ,أبكي
1442,ytstwa,ⵢⵜⵙⵟⵡⴰ,خاو
1443,ttazlgh,ⵜⵜⴰⵣⵍⵖ,أجري
1444,irḍgh,ⵉⵕⴹⵖ,ألبس
1445,tkkrgh,ⵜⵜⴽⴽⵯⵔⵖ,أسب
1446,waddragh,ⵡⴰⴹⴹⵕⴰⵖ,أتلف
1447,wsrgh,ⵡⵙⵔⵖ,شخت
1448,z3fgh,ⵣⵄⴼⵖ,عضضت
1449,znouzigh,ⵣⵏⵓⵣⵉⵖ,بعت
1450,yzwa,ⵢⵣⵡⴰ,جف
1451,yzze3ret,ⵢⵣⵣⵄⵔⵜ,يقفز يهيجان ( كالحمار)
1452,ḍfrgh,ⴹⴼⵕⵖ,تبعت
1453,ḍḍrgh,ⴹⴹⵕⵖ,نزلت
1454,ṭḍgh,ⵟⴹⵖ,أرضع
1455,zinzr,ⵣⵉⵏⵣⵔ,خنفساء
1456,zzanzagh,ⵣⵣⴰⵏⵣⴰⵖ,بعت
1457,ḍar,ⴹⴰⵕ,رجل
1458,amya,ⴰⵎⵢⴰ,صفر
1459,yan,ⵢⴰⵏ,واحد
1460,sin,ⵙⵉⵏ,إثنان
1461,kṛaḍ,ⴽⵕⴰⴹ,ثلاثة
1462,kkuẓ,ⴽⴽⵓⵥ,أربعة
1463,smmus,ⵙⵎⵎⵓⵙ,خمسة
1464,ṣḍiṣ,ⵚⴹⵉⵚ,ستة
1465,sa,ⵙⴰ,سبعة
1466,tam,ⵜⴰⵎ,ثمانية
1467,tẓa,ⵜⵥⴰ,تسعة
1468,mraw,ⵎⵔⴰⵡ,عشرة
1469,yan d mraw,ⵢⴰⵏ ⴷ ⵎⵔⴰⵡ,إحدى عشر
1470,sin d mraw,ⵙⵉⵏ ⴷ ⵎⵔⴰⵡ,إثنى عشر
1471,kraḍ d mraw,ⴽⵕⴰⴹ ⴷ ⵎⵔⴰ,ثلاثة عشر
1472,kkuẓ d mraw,ⴽⴽⵓⵥ ⴷ ⵎⵔⴰⵡ,أربعة عشر
1473,smmus d mraw,ⵙⵎⵎⵓⵙ ⴷ ⵎⵔⴰⵡ,خمسة عشر
1474,ṣḍiṣ d mraw,ⵚⴹⵉⵚ ⴷ ⵎⵔⴰⵡ,ستة عشر
1475,sa d mraw,ⵙⴰ ⴷ ⵎⵔⴰⵡ,سبعة عشر
1476,tam d mraw,ⵜⴰⵎ ⴷ ⵎⵔⴰⵡ,ثمانية عشر
1477,tẓa d mraw,ⵜⵥⴰ ⴷ ⵎⵔⴰⵡ,تسعة عشر
1478,simraw,ⵙⵉⵎⵔⴰⵡ,عشرون
1479,simraw d yan,ⵙⵉⵎⵔⴰⵡ ⴷ ⵢⴰⵏ,واحد و عشرون
1480,simraw d sin,ⵙⵉⵎⵔⴰⵡ ⴷ ⵙⵉⵏ,إثنان و عشرون
1481,simraw d kraḍ,ⵙⵉⵎⵔⴰⵡ ⴷ ⴽⵕⴰⴹ,ثلاثة و عشرون
1482,kṛamraw,ⴽⵕⴰⵎⵔⴰⵡ,ثلاثون
1483,kkumraw,ⴽⴽⵓⵎⵔⴰⵡ,أربعون
1484,smmumraw,ⵙⵎⵎⵓⵎⵔⴰⵡ,خمسون
1485,ṣḍimraw,ⵚⴹⵉⵎⵔⴰⵡ,ستون
1486,samraw,ⵙⴰⵎⵔⴰⵡ,سبعون
1487,Tamraw,ⵜⴰⵎⵔⴰⵡ,ثمانون
1488,tẓamraw,ⵜⵥⴰⵎⵔⴰⵡ,تسعون
1489,timiḍi,ⵜⵉⵎⵉⴹⵉ,مائة
1490,timiḍi d yan,ⵜⵉⵎⵉⴹⵉ ⴷ ⵢⴰⵏ,مائة وواحد
1491,timiḍi d sin,ⵜⵉⵎⵉⴹⵉ ⴷ ⵙⵉⵏ,مائة واثنان
1492,timiḍi d kṛaḍ,ⵜⵉⵎⵉⴹⵉ ⴷ ⴽⵕⴰⴹ,مائة وثلاثة
1493,timiḍi d kkuẓ,ⵜⵉⵎⵉⴹⵉ ⴷ ⴽⴽⵓⵥ,مائة وأربعة
1494,timiḍi d smmus,ⵜⵉⵎⵉⴹⵉ ⴷ ⵙⵎⵎⵓⵙ,مائة وخمسة
1495,timiḍi d ṣḍiṣ,ⵜⵉⵎⵉⴹⵉ ⴷ ⵚⴹⵉⵚ,مائة وستة
1496,timiḍi d sa,ⵜⵉⵎⵉⴹⵉ ⴷ ⵙⴰ,مائة وسبعة
1497,timiḍi d tam,ⵜⵉⵎⵉⴹⵉ ⴷ ⵜⴰⵎ,مائة وثمانية
1498,timiḍi d tẓa,ⵜⵉⵎⵉⴹⵉ ⴷ ⵜⵥⴰ,مائة وتسعة
1499,timiḍi d mraw,ⵜⵉⵎⵉⴹⵉ ⴷ ⵎⵔⴰⵡ,مائة وعشرة
1500,snat tmaḍ,ⵙⵏⴰⵜ ⵜⵎⴰⴹ,مائتان
1501,kraḍt tmaḍ,ⴽⵕⴰⴹⵜ ⵜⵎⴰⴹ,ثلاثمائة
1502,kkuẓt tmaḍ,ⴽⴽⵓⵥⵜ ⵜⵎⴰⴹ,أربعمائة
1503,smmust tmaḍ,ⵙⵎⵎⵓⵙⵜ ⵜⵎⴰⴹ,خمسمائة
1504,ifḍ,ⵉⴼⴹ,ألف
1505,mraw n ifḍn,ⵎⵔⴰⵡ ⵏ ⵉⴼⴹⵏ,عشرة آلاف
1506,timiḍi n ifḍn,ⵜⵉⵎⵉⴹⵉ ⵏ ⵉⴼⴹⵏ,مائة ألف
1507,Agndid,ⴰⴳⵏⴷⵉⴷ,مليون
1508,ifḍ n igndad,ⵉⴼⴹ ⵏ ⵉⴳⵏⴷⴰⴷ,مليار
1509,Azyan,ⴰⵣⵢⵏ,نصف
1510,ha99at,ⵀⴰⵇⵇⴰⵜ,ها هي
1511,Zouyenni,ⵣⵓⵢⵏⵏⵉ,لذلك
1512,Zouya,ⵣⵓⵢⴰ,لهذا
1513,akd,ⴰⴽⴷ,على التوقيت
1514,imanns,ⵉⵎⴰⵏⵏⵙ,وحده/وحدها
1515,ssa,ⵙⵙⴰ,من هنا
1516,mala,ⵎⴰⵍⴰ,إذا
1517,zggami,ⵣⴳⴳⵯⴰⵎⵉ,منذ
1518,il9nni,ⵉⵍⵇⵏⵏⵉ,ذلك الوقت
1519,winat,ⵡⵉⵏⴰⵜ,فلان/ذلك الشيء
1520,tinat,ⵜⵉⵏⴰⵜ,فلانة/تلك الحاجة
1521,mindi,ⵎⵉⵏⴷⵉ,ما
1522,akidk,ⴰⴽⵉⴷⴽ,معكَ
1523,akidm,ⴰⴽⵉⴷⵎ,معكِ
1524,akids,ⴰⴽⵉⴷⵙ,معه
1525,akidwn,ⴰⴽⵉⴷⵡⵏ,معكم
1526,akidngh,ⴰⴽⵉⴷⵏⵖ,معنا
1527,akidsn,ⴰⴽⵉⴷⵙⵏ,معهم
1528,akidsnt,ⴰⴽⵉⴷⵙⵏⵜ,معهن
1529,ayou,ⴰⵢⵓ,لهذا
1530,maynzi,ⵎⴰⵢⵏⵣⵉ,لأن
1531,manswouyi yssghrn,ⵎⴰⵏⵙⵡⵓⵢⵉ,من درسني ؟
1532,manswouch yssghrn,ⵎⴰⵏⵙⵡⵓⵛ,من درسك ؟
1533,manswouchm yssghrn,ⵎⴰⵏⵙⵡⵓⵛⵎ,من درسكِ ؟
1534,manswout yssghrn,ⵎⴰⵏⵙⵡⵓⵜ,من درسه ؟
1535,manswout yssghrn,ⵎⴰⵏⵙⵡⵓⵜ,من درسها ؟
1536,manswoungh yssghrn,ⵎⴰⵏⵙⵡⵓⵏⵖ,من درسنا ؟
1537,manswoum yssghrn,ⵎⴰⵏⵙⵡⵓⵎ,من درسكم ؟
1538,manswoutn yssghrn,ⵎⴰⵏⵙⵡⵓⵜⵏ,من درسهم ؟
1539,manswoutn yssghrn,ⵎⴰⵏⵙⵡⵓⵜⵏ,من درسهن ؟
1540,awrras,ⴰⵡⵔⵔⴰⵙ,خلفه
1541,zzis,ⵣⵣⵉⵙ,منه
1542,tlaghriyyi,ⵜⵍⴰⵖⵔⵉⵢⵢⵉ,اعتقدت
1543,waha,ⵡⴰⵀⴰ,فقط
1544,illinni,ⵉⵍⵍⵉⵏⵏⵉ,قبل مدة قصيرة
1545,9mmi,ⵇⵎⵎⵉ,لما
1546,adwi,ⴰⴷⵡⵉ,تحت
1547,aghirin,ⴰⵖⵓⵔⵉⵏ,بعد/فوق
1548,amech,ⴰⵎⵛ,مثلما
1549,awrin,ⴰⵡⵔⵉⵏ,بعد
1550,awrn,ⴰⵡⵔⵏ,قبل
1551,chekk,ⵛⴽ,أنتَ
1552,chemm,ⵛⵎ,أنتِ
1553,chra,ⵛⵕⴰ,شيء
1554,daffar,ⴷⴰⴼⴼⴰⵔ,خلف
1555,dffr,ⴷⴼⴼⵔ,وراء
1556,dinni,ⴷⵉⵏⵏⵉ,هناك
1557,frwaytcha,ⴼⵔⵡⴰⵢⵜⵛⴰ,بعد غد
1558,fr frwaytcha,ⴼⵔ ⴼⵔⵡⴰⵢⵜⵛⴰ,بعد بعد غد
1559,fryiḍnnaḍ,ⴼⵔⵢⵉⴹⵏⵏⴰⴹ,قبل أمس
1560,ghri,ⵖⵔⵉ,عندي
1561,ghrkmt,ⵖⵔⴽⵎⵜ,عندكن
1562,ghrm!,ⵖⵔⵎ!,احذري
1563,ghrnegh,ⵖⵔⵏⵖ,عندنا
1564,ghrs,ⵖⵔⵙ,عندها
1565,ghrsn,ⵖⵔⵙⵏ,عندهم
1566,ghrwen,ⵖⵔⵡⵏ,عندكم
1567,jaj,ⵊⴰⵊ,داخل
1568,ma,ⵎⴰ,هل
1569,macha,ⵎⴰⵛⴰ,لكن
1570,mamk,ⵎⴰⵎⴽ,ماذا
1571,mani,ⵎⴰⵏⵉ,أين
1572,manis,ⵎⴰⵏⵉⵙ,من أين
1573,marra,ⵎⴰⵕⵕⴰ,كل
1574,maymmi,ⵎⴰⵢⵎⵎⵉ,لماذا
1575,melmi,ⵎⵍⵎⵉ,متى
1576,netch,ⵏⵏⵜⵛ,أنا
1577,netchin,ⵏⵜⵛⵉⵏ,نحن
1578,netnin/ nehnin,ⵏⵀⵏⵉⵏ,هم
1579,netta,ⵏⵜⵜⴰ,هو
1580,nettat,ⵏⵜⵜⴰⵜ,هي
1581,nitnti / nnhninti,ⵏⵏⵀⵏⵉⵏⵜⵉ,هن
1582,nngh,ⵏⵏⵖ,ملكنا
1583,nniḍn,ⵏⵏⵉⴹⵏ,آخر
1584,nnk,ⵏⵏⴽ,ملكك
1585,nnoun,ⵏⵏⵓⵏ,ملككم
1586,nns,ⵏⵏⵙ,ملكه
1587,nnsn,ⵏⵏⵙⵏ,ملكهم
1588,ntta alam,ⵏⵜⵜⴰ ⴰⵍⴰⵎ,هي التي
1589,oussawn,ⵓⵙⴰⵡⵏ,فوق
1590,snnaj,ⵙⵏⵏⴰⵊ,فوق
1591,swadday,ⵙⵡⴰⴷⴷⴰⵢ,تحت
1592,tennin,ⵜⵏⵏⵉⵏ,اولائك بنات
1593,walaynni,ⵡⴰⵍⴰⵢⵏⵏⵉ,لكن
1594,wennin,ⵡⵏⵏⵉⵏ,اولائك
1595,wou,ⵡⵓ,هادا
1596,yal asggas,ⵢⴰⵍ ⴰⵙⴳⴳⵯⴰⵙ,سنويا
1597,yal ass,ⵢⴰⵍ ⴰⵙⵙ,يوميا/كل يوم
1598,yal ayyour,ⵢⴰⵍ ⴰⵢⵢⵓⵔ,شهريا
1599,yal imalas,ⵢⴰⵍ ⵉⵎⴰⵍⴰⵙ,أسبوعيا
1600,zat,ⵣⴰⵜ,قرب
1601,zzath,ⵣⵣⴰⵜ,أمام
1602,zzik,ⵣⵉⴽ,بكَ
1603,zzim,ⵣⵉⵎ,بكِ
1604,çnnimti,ⴿⵏⵏⵉⵎⵜⵉ,أنتن ( ç= ch germanique)
1605,çnniw,ⴿⵏⵏⵉⵡ,أنتم (ç = ch germanique)
1606,achkou,ⴰⵛⴽⵓ,لأن
1607,woun,ⵡⵓⵏ,الذي
1608,Khangh,ⵅⴰⵏⵖ,علينا
1609,toutlayt ta3rabt/tasrghint,ⵜⵉⵜⵍⴰⵢⵜ ⵜⴰⵄⵔⴰⴱⵜ/ⵜⴰⵙⵔⵖⵉⵏⵜ,اللغة العربية
1610,achwwal/ichwwaln,ⴰⵛⵡⵡⴰⵍ/ⵉⵛⵡⵡⴰⵍⵏ,عامل حصاد/عمال حصاد
1611,asrghi,ⴰⵙⵔⵖⵉ,حرقْ
1612,asrghin,ⴰⵙⵔⵖⵉⵏ,عربي
1613,askikḍ,ⴰⵙⴽⵉⴽⴹ,دغدغة
1614,9arnnas,ⵇⵇⴰⵔⵏⵏⴰⵙ,يُسمى
1615,oumas,ⵓⵎⴰⵙ,أخوه
1616,oultmas,ⵓⵍⵜⵎⴰⵙ,أخته
1617,tayrsa,ⵜⴰⵢⵔⵙⴰ,سكة المحراث
1618,tighwawin,ⵜⵉⵖⵡⴰⵡⵉⵏ,قمح محمص
1619,inzar,ⵜⵉⵏⵣⴰⵔ,أنف
1620,memmis,ⵎⴻⵎⵎⵉⵙ,ابنه/ابنها
1621,yellis,ⵢⵍⵍⵉⵙ,ابنته/ابنتها
1622,tabrat,ⵜⴰⴱⵔⴰⵜ,رسالة
1623,ighs,ⵉⵖⵙ,عظم
1624,tizit,ⵜⵉⵣⵉⵜ,بعوضة
1625,tisit,ⵜⵉⵙⵉⵜ,مرآة
1626,zzouytgh,ⵥⵥⵓⵢⵜⵖ,إشتقتُ
1627,iwriji,ⵉⵡⵔⵉⵊⵉ,عنكبوت
1628,tala,ⵜⴰⵍⴰ,منبع ماء
1629,taziri,ⵜⴰⵣⵉⵔⵉ,قمر
1630,iligh,ⵉⵍⵉⵖ,أكون
1631,tayzint,ⵜⴰⵢⵣⵉⵏⵜ,نبات حرِّيكة
1632,azoul,ⴰⵣⵓⵍ,سلام
1633,tanmmirt,ⵜⴰⵏⵎⵎⵉⵔⵜ,شكرا
1634,samigh,ⵙⴰⵎⵉⵖ,أحاول الإقناع بدبلوماسية/أترصد
1635,żmmgh,ⵥⵎⵎⵖ,أضغط/أعصر
1636,mmoungh,ⵎⵎⵓⵏⵖ,إجتمعت
1637,skkrgh,ⵙⴽⴽⵔⵖ,أفقت
1638,taghnnant,ⵜⴰⵖⵏⵏⴰⵏⵜ,عناد
1639,tachwicht,ⵜⴰⵛⵡⵉⵛⵜ,هبرة لحم
1640,ousawn,ⵓⵙⴰⵡⵏ,فوق
1641,ymmas,ⵢⵎⵎⴰⵙ,أمه/أمها
1642,ybbas,ⵢⴱⴱⴰⵙ,أبوه/أبوها
1643,taltchint,ⵜⴰⵍⵜⵛⵉⵏⵜ,مندرينة
1644,jjort,ⵊⵊⵓⵕⵜ,أثر
1645,ss9sigh,ⵙⵙⵇⵙⵉⵖ,أسألُ
1646,mrirt,ⵎⵔⵉⵔⵜ,مسار
1647,atay,ⴰⵜⴰⵢ,شاي
1648,atrar,ⴰⵜⵔⴰⵔ,حديث/جديد
1649,a3ddis,ⴰⵄⴷⴷⵉⵙ,بطن
1650,tisnt,ⵜⵉⵙⵏⵜ,ملح
1651,amn ykhs,ⴰⵎⵏ ⵢⵅⵙ,لا ضرر/ليست مشكلة
1652,yif,ⵢⵉⴼ,أفضل
1653,oujrgh,ⵓⵊⵔⵖ,فُقتُ
1654,tiddi,ⵜⵉⴷⴷⵉ,الطول/القامة
1655,9azz3agh,ⵇⴰⵣⵣⵄⴰⵖ,تغوطتُ
1656,barḍagh,ⴱⴰⵕⴹⴰⵖ,تغوطتُ
1657,9arrdagh,ⵇⴰⵔⵔⴷⴰⵖ,قرفصتُ
1658,ma3żagh,ⵎⴰⵄⵥⴰⵖ,ذكي و أتدبر أمري
1659,ḍahwragh,ⴹⴰⵀⵡⵕⴰⵖ,دختُ
1660,zanndagh,ⵣⴰⵏⵏⴷⴰⵖ,أكلتُ حتى الشبع
1661,khazragh,ⵅⴰⵣⵔⴰⵖ,أرى يتمعن
1662,boḍgh,ⴱⵓⴹⵖ,يبِستُ
1663,maḍlagh,ⵎⴰⴹⵍⴰⵖ,قبرتُ
1664,kssigh,ⴽⵙⵙⵉⵖ,أحمِلُ
1665,aghrom,ⴰⵖⵕⵓⵎ,خبز
1666,ab7rour,ⴰⴱⵃⵔⵓⵔ,ذيل
1667,angui,ⴰⵏⴳⵉ,فيضان
1668,asfay,ⴰⵙⴼⴰⵢ,فيضان
1669,waghch,ⵡⴰⵖⵛ,رجال
1670,waghchat,ⵡⴰⵖⵛⴰⵜ,نساء
1671,tinzart,ⵜⵉⵏⵣⴰⵔⵜ,نصف أنف
1672,ibliwn,ⵉⴱⵍⵉⵡⵏ,رموش العين
1673,moummou,ⵎⵓⵎⵎⵓ,بؤبؤ العين
1674,imjgagn,ⵓⵎⵊⴳⴰⴳⵏ,خذوذ حمراء
1675,iglusen,ⵉⴳⵍⵓⵙⵏ,خذوذ
1676,taghsmirt,ⵜⴰⵖⵙⵎⵉⵔⵜ,ذقن
1677,tanyart,ⵜⴰⵏⵢⴰⵔⵜ,جبين/جبهة
1678,imeżżoughn,ⵉⵎⵥⵥⵓⵖⵏ,أذنين
1679,imejjan,ⵉⵎⴻⵊⵊⴰⵏ,أذنين
1680,ameżżough,ⴰⵎⵥⵥⵓⵖ,أذن
1681,amejjoun,ⴰⵎⵊⵊⵓⵏ,أذن
1682,amguiz,ⴰⵎⴳⵉⵣ,خذ
1683,ula,ⵓⵍⴰ,حتى
1684,la,ⵍⴰ,حتى
1685,mamek,ⵎⴰⵎⴽ,كيف
1686,amek,ⴰⵎⴽ,كيف
1687,makh,ⵎⴰⵅ,كيف
1688,magher,ⵎⴰⵖⵔ,لماذا
1689,mayemmi,ⵎⴰⵢⵎⵎⵉ,لماذا
1690,taydit,ⵜⴰⵢⴷⵉⵜ,كلبة
1691,ta9zint,ⵜⴰⵇⵣⵉⵏⵜ,جروة
1692,waniti,ⵡⴰⵏⵉⵜⵉ,هذا
1693,wanitin,ⵡⴰⵏⵉⵜⵉⵏ,هذا
1694,taniti,ⵜⴰⵏⵉⵜⵉ,هذه
1695,3anout,ⵄⴰⵏⵓⵜ,سباق الجري
1696,tażallit,ⵜⴰⵥⴰⵍⵍⵉⵜ,صلاة
1697,wakha amenni,ⵡⴰⵅⵅⴰ ⴰⵎⵏⵏⵉ,رغم ذلك
1698,oudem,ⵓⴷⴻⵎ,وجه
1699,akhnfouf,ⴰⵅⵏⴼⵓⴼ,وجه
1700,ikhnfaf,ⵉⵅⵏⴼⴰⴼ,وجوه
1701,aghmbou,ⴰⵖⵎⴱⵓ,وجه
1702,ighmbab,ⵉⵖⵎⴱⴰⴱ,وجوه
1703,lami,ⵍⴰⵎⵉ,عندما ( ماضي)
1704,khmi,ⵅⵎⵉ,عندما ( مستقبل)
1705,khminni,ⵅⵎⵉⵏⵏⵉ,بعد قليل
1706,al kheffou,ⴰⵍ ⵅⴼⴼⵓ,بعد قليل
1707,di,ⴷⵉ,في
1708,gui,ⴳⵉ,في
1709,deg,ⴷⴳ,في
1710,s,ⵙ,بِ
1711,wou,ⵡⵓ,هذا
1712,tou,ⵜⵓ,هذه
1713,sa,ⵙⴰ,من هنا
1714,da,ⴷⴰ,هنا
1715,arriḍa,ⴰⵔⵔⵉⴹⴰ,حب من طرف واحد
1716,aghoutem,ⴰⵖⵓⵜⵎ,اكتئاب
1717,amsays,ⴰⵎⵙⴰⵢⵙ,مقاومة
1718,a9m9am,ⴰⵇⵎⵇⴰⵎ,عظيم
1719,tażghart,ⵜⴰⵥⵖⴰⵔⵜ,نصيب
1720,isbi,ⵉⵙⴱⵉ,دور/حصة السقي/نوبة
1721,andoudou,ⴰⵏⴷⵓⴷⵓ,زلزال
1722,tacaribt,ⵜⴰⴽⴰⵔⵉⴱⵜ,رقصة يد تقليدية بدف مع إلقاء شعري
1723,acarib,ⴰⴽⴰⵔⵉⴱ,تصفيق
1724,tacaribt,ⵜⴰⴽⴰⵔⵉⴱⵜ,أغنية
1725,a9l9oul,ⴰⵇⵍⵇⵓⵍ,جمجمة
1726,azmar,ⴰⵣⵎⴰⵔ,قدرة
1727,tazmart,ⵜⴰⵣⵎⴰⵔⵜ,قدرة
1728,tamlghight,ⵜⴰⵎⵍⵖⵉⵖⵜ,منطقة لينة في رأس الرضيع
1729,tiruyza,ⵜⵉⵔⵓⵢⵣⴰ,رجولة
1730,tafart,ⵜⴰⴼⴰⵔⵜ,ورقة
1731,tghwat,ⵜⵖⵡⴰⵜ,حديقة
1732,3win,ⵄⵡⵉⵏ,هبة ريح
1733,7ess,ⵃⵙⵙ,صداع
1734,tabrat,ⵜⴰⴱⵔⴰⵜ,رسالة
1735,amsli,ⴰⵎⵙⵍⵉ,صوت
1736,tiksoulin,ⵜⵉⴽⵙⵓⵍⵉⵏ,فقاعات
1737,timeḍḍit,ⵜⵉⵎⴹⴹⵉⵜ,ليلة
1738,akidi,ⴰⴽⵉⴷⵉ,معي
1739,akidk,ⴰⴽⵉⴷⴽ,معكَ
1740,akidm,ⴰⴽⵉⴷⵎ,معكِ
1741,akids,ⴰⴽⵉⴷⵙ,معه/معها
1742,akidngh,ⴰⴽⵉⴷⵏⵖ,معنا
1743,akidwn,ⴰⴽⵉⴷⵡⵏ,معكم
1744,akidwmt,ⴰⴽⵉⴷⵡⵎⵜ,معكن
1745,akidsn,ⴰⴽⵉⴷⵙⵏ,معهم
1746,akidsnt,ⴰⴽⵉⴷⵙⵏⵜ,معهن
1747,ghri,ⵖⵔⵉ,عندي
1748,ghrk,ⵖⵔⴽ,عندكَ
1749,ghrm,ⵖⵔⵎ,عندكِ
1750,ghrs,ⵖⵔⵙ,عنده
1751,ghrngh,ⵖⵔⵏⵖ,عندنا
1752,ghrwn,ⵖⵔⵡⵏ,عندكم
1753,ghrwmt,ⵖⵔⵡⵎⵜ,عندكن
1754,ghrsnt,ⵖⵔⵙⵏ,عندهم
1755,ghrsnt,ⵖⵔⵙⵏⵜ,عندهن
1756,amszwi,ⴰⵎⵙⵣⵡⵉ,تأشيرة
1757,tl3gh,ⵜⵍⵄⵖ,رحلتُ
1758,outla3,ⵓⵜⵍⴰⵄ,رحيل
1759,tamzwarout,ⵜⴰⵎⵣⵡⴰⵔⵓⵜ,الأولى
1760,tanggart,ⵜⴰⵏⴳⴳⴰⵔⵜ,الأخيرة
1761,amzwar,ⴰⵎⵣⵡⴰⵔ,الأول
1762,anggar,ⴰⵏⴳⴳⴰⵔ,الأخير
1763,ajriw,ⴰⵊⵔⵉⵡ,ضفدع
1764,arim,ⴰⵔⵉⵎ,إثنين
1765,aram,ⴰⵔⴰⵎ,ثلاثاء
1766,ahad,ⴰⵀⴰⴷ,أربعاء
1767,amhad,ⴰⵎⵀⴰⴷ,خميس
1768,sem,ⵙⵎ,جمعة
1769,sed,ⵙⴷ,سبت
1770,achr/adjer,ⴰⵛⵔ/ⴰⴷⵊⵔ,أحد
1771,zg ami,ⵣⴳ ⴰⵎⵉ,منذُ
1772,skhari9gh,ⵙⵅⴰⵔⵉⵇⵖ,أكذبُ
1773,rbough,ⵔⴱⵓⵖ,أحمل
1774,wllagh,ⵡⵍⵍⴰⵖ,عمق
1775,ukrurad,ⵓⴽⵔⵓⵔⴰⴷ,سِر
1776,abṭṭi9,ⴰⴱⵟⵟⵉⵇ,قطعة لحم كبيرة
1777,arouy,ⴰⵔⵓⵢ,نيص
1778,taghnnant,ⵜⴰⵖⵏⵏⴰⵏⵜ,عناد
1779,aghnnan,ⴰⵖⵏⵏⴰⵏ,عنيد
1780,tadjjalt,ⵜⴰⴷⵊⵊⴰⵍⵜ,أرملة
1781,oullouf/allaf,ⵓⵍⵍⵓⴼ/ⴰⵍⵍⴰⴼ,طلاق
1782,alfgh,ⴰⵍⴼⵖ,طلّقتُ
1783,ouftas,ⵓⴼⵜⴰⵙ,شاطئ
1784,oudmgh,ⵓⴷⵎⵖ,عذرتُ
1785,zmoummgh,ⵣⵎⵓⵎⵎⵖ,ابتسمتُ
1786,abaghous,ⴰⴱⴰⵖⵓⵙ,قرد
1787,ssouṭḍgh,ⵙⵙⵓⵟⴹⵖ,أرضعتُ
1788,ssank3agh,ⵙⵙⴰⵏⴽⵄⴰⵖ,أرضعتُ
1789,amksa,ⴰⵎⴽⵙⴰ,راعي غنم
1790,anilti,ⴰⵏⵉⵍⵜⵉ,راعي غنم
1791,tsbbabt,ⵜⵙⴱⴱⴰⴱⵜ,تجارة
1792,abou9al,ⴰⴱⵓⵇⴰⵍ,ابريق
1793,a9oub3,ⴰⵇⵓⴱⵄ,عصفور
1794,foudgh,ⴼⵓⴷⵖ,عطشتُ
1795,a7ryouḍ,ⴰⵃⵔⵢⵓⴹ,وحل
1796,abrṭiṭ,ⴰⴱⵔⵟⵉⵟ,وحل
1797,maylous,ⵎⴰⵢⵍⵓⵙ,ربيع مائي أو طحالب
1798,9arr7agh,ⵇⴰⵕⵕⵃⴰⵖ,توجعتُ
1799,ggudgh,ⴳⴳⵯⴷⵖ,خفتُ
1800,taslighwa,ⵜⴰⵙⵍⵉⵖⵡⴰ,خروب
1801,tigddi,ⵜⵉⴳⴷⴷⵉ,خوف
1802,khl3gh,ⵅⵍⵄⵖ,تفاجأت و خفتُ
1803,ghr,ⵖⵔ,عند
1804,boakhs,ⴱⵓⴰⵅⵙ,جراد
1805,tmoarghi,ⵜⵎⵓⴰⵔⵖⵉ,جراد مهاجم ضار بالمجال الأخضر
1806,twala,ⵜⵡⴰⵍⴰ,لحظة
1807,urqquz,ⵓⵔⴽⴽⵓⵣ,رغيف خبز
1808,azguen,ⴰⵣⴳⵏ,نصف
1809,missa,ⵎⵉⵙⴰ,طاولة
1810,tghouni,ⵜⵖⵓⵏⵉ,حذاء
1811,tisguine,ⵜⵉⵙⴳⵉⵏ,روث
1812,tanghromt,ⵜⴰⵏⵖⵕⵓⵎⵜ,فران
1813,amssi,ⴰⵎⵙⵙⵉ,ولاعة
1814,amslmd,ⴰⵎⵙⵍⵎⴷ,أستاذ
1815,tamsyardt,ⵜⴰⵎⵙⵢⴰⵔⴷⵜ,مصبنة
1816,timswalawin,ⵜⵉⵎⵙⵡⴰⵍⴰⵡⵉⵏ,نظارات
1817,amsrou9,ⴰⵎⵙⵕⵓⵇ,ممر ضيق
1818,asfsi,ⴰⵙⴼⵙⵉ,تحليل
1819,anzouf,ⴰⵏⵣⵓⴼ,مرحبا
1820,isbi,ⵉⵙⴱⵉ,دور السقي/نوبة
1821,dkhs,ⴷⵅⵙ,ظلم
1822,a7oudri,ⴰⵃⵓⴷⵔⵉ,شاب
1823,tnufsilt,ⵜⵏⵓⴼⵙⵉⵍⵜ,فرصة
1824,akrous,ⴰⴽⵔⵓⵙ,عقدة
1825,indan,ⵉⵏⴷⴰⵏ,منفعة/جدوى
1826,tizit,ⵜⵉⵣⵉⵜ,شجرة التين
1827,ighid/ighaydn/tighidt,ⵉⵖⵉⴷ/ⵉⵖⴰⵢⴷⵏ /ⵜⵉⵖⵉⴷⵜ,صغير/صغار/صغيرة الماعز
1828,sal,ⵙⴰⵍ,حتى/إلى أن
1829,tkhouni,ⵜⵅⵓⵏⵉ,نعل
1830,a7rkous,ⴰⵃⵔⴽⵓⵙ,حذاء
1831,aynni,ⴰⵢⵏⵏⵉ,ذلك
1832,ayar/iyarn,ⴰⵢⴰⵔ/ⵉⵢⴰⵔⵏ,حقل/حقول
1833,izra,ⵉⵣⵕⴰ,أحجار
1834,isummar,ⵉⵙⵓⵎⵎⴰⵔ,براري/خلاء
1835,ifkhsi,ⵉⴼⵅⵙⵉ,صدع
1836,asough,ⴰⵙⵓⵖ,شق/فاص
1837,rḍlgh,ⵔⴹⵍⵖ,أقرضتُ
1838,fslgh,ⴼⵙⵍⵖ,فتحتُ
1839,tif99a3,ⵜⵉⴼⵇⵇⴰⵄ,هموم
1840,tasklout,ⵜⴰⵙⴽⵍⵓⵜ,شجرة
1841,chenna,ⵛⵏⵏⴰ,جميل/جيد/لا مشكل فيه
1842,ijḍaḍ,ⵉⵊⴹⴰⴹ,طيور/عصافير
1843,ssokhrotgh,ⵙⵙⵓⵅⵕⵓⵜⵖ,أشخرُ
1844,d7mrgh,ⴷⵃⵎⵔⵖ,حاصرتُ
1845,ichkrad
1846,ifnza,ⵉⴼⵏⵣⴰ,جزء سفلي من قوائم الخرفان و البقر
1847,ichkrad,ⵉⵛⴽⵕⴰⴷ,سيقان الخرفان و البقر
1848,taziri,ⵜⴰⵣⵉⵔⵉ,قمر/بدر
1849,achffar,ⴰⵛⴼⴼⴰⵔ,سارق
1850,tiggaz,ⵜⵓⴳⴳⴰⵣ,وشم
1851,tichraḍ,ⵜⵉⵛⵔⴰⴹ,وشم
1852,ak3b/ik3bawn,ⴰⴽⵉⴱ/ⵉⴽⵉⴱⴰⵡⵏ,ابن آوى
1853,żżalṭ,ⵥⵥⴰⵍⵟ,فقر
1854,amżloṭ,ⴰⵎⵥⵍⵓⵟ,فقير
1855,ssknigh,ⵙⵙⴽⵏⵉⵖ,أريتُ
1856,arraw,ⴰⵔⵔⴰⵡ,أبناء/نسل
1857,ayyaw,ⴰⵢⵢⴰⵡ,حفدة
1858,sourfiyyi,ⵙⵓⵔⴼⵉⵢⵢⵉ,اسمحلي
1859,amnous,ⴰⵎⵏⵓⵙ,هَمّ
1860,ssimgh,ⵙⵙⵉⵎⵖ,ربيتُ
1861,tutra,ⵜⵓⵜⵔⴰ,طلب/دعاء
1862,mighis,ⵎⵉⵖⵉⵙ,ذكي
1863,afghoul,ⴰⴼⵖⵓⵍ,غبي
1864,al mlmi,ⴰⵍ ⵍⵎⵍⵉ,إلى متى
1865,iwygh,ⵉⵡⵢⵖ,جلبتُ
1866,khiyy9gh,ⵅⵉⵢⵢⵇⵖ,حزنتُ
1867,tasrrift,ⵜⴰⵙⵔⵔⵉⴼⵜ,عقدة
1868,99sgh,ⵇⵇⵙⵖ,قطعتُ
1869,ḍwigh,ⴹⵡⵉⵖ,طِرتُ
1870,asghar,ⴰⵚⵖⴰⵔ,محراث تقليدي
1871,ssouzrrgh,ⵙⵙⵓⵣⵔⵖ,رششتُ
1872,99lgh,ⵇⵇⵍⵖ,نظرتُ
1873,amouni,ⴰⵎⵓⵏⵉ,إجتماع
1874,asammr,ⴰⵙⴰⵎⵎⵔ,مكان تسطع فيه الشمس
1875,youf,ⵢⵓⴼ,مبلل
1876,youf,ⵢⵓⴼ,منتفخ
1877,timizar,ⵜⵉⵎⵉⵣⴰⵔ,بلدان
1878,lallas,ⵍⴰⵍⵍⴰⵙ,سيدتها
1879,tib7irin,ⵜⵉⴱⵃⵉⵔⵉⵏ,جنان
1880,jij,ⵊⵉⵊ,وتد
1881,tizgha,ⵜⵉⵣⵖⴰ,زعرور أسود
1882,ṭṭanḍagh,ⵟⵟⴰⵏⴹⴰⵖ,أدور
1883,taghzout,ⵜⴰⵖⵣⵓⵜ,حفرة
1884,akhbouch,ⴰⵅⴱⵓⵛ,غار محفور
1885,tasrft,ⵜⴰⵙⵔⴼⵜ,حفرة للتخزين
1886,insi/insawn,ⵉⵏⵙⵉ/ⵉⵏⵙⴰⵡⵏ,قنفذ/قنافذ
1887,ayyou,ⴰⵢⵢⵓ,دخان
1888,tayyout,ⵜⴰⵢⵢⵓⵜ,ضباب
1889,asffoud,ⴰⵙⴼⴼⵓⴷ,قضيب حديدي للشواء
1890,ttaymgh,ⵜⵜⴰⵢⵎⵖ,أسقي للشرب
1891,nghdgh,ⵏⵖⴷⵖ,سحقتُ
1892,rbżgh,ⵔⴱⵥⵖ,سحقتُ
1893,zggrgh,ⵣⴳⴳⵔⵖ,خدعتُ
1894,maggad,ⵎⴰⴳⴳⵯⴰⴷ,جبان
1895,ibrriwn,ⵉⴱⵔⵔⵉⵡⵏ,فضلات الماعز
1896,igḍar,ⵉⴳⴹⴰⵕ,واسع
1897,ssidjgh,ⵙⵙⵉⴷⵊⵖ,أطللتُ
1898,yghmi,ⵢⵖⵎⵉ,ينبت
1899,tamja,ⵜⴰⵎⵊⴰ,ناي
1900,matcha,ⵎⴰⵜⵛⴰ,أكل
1901,ilallay,ⵉⵍⴰⵍⵍⴰⵢ,مقلع ( يستعمل لرمي الحجر )
1902,taychoult,ⵜⴰⵢⵛⵛⵓⵍⵜ,ممخضة حليب يدوية
1903,Tummest,ⵜⵓⵎⵎⵙⵜ,حفنة
1904,Tardast,ⵜⴰⵔⴷⴰⵙⵜ,شبر
1905,taqurdeyt,ⵜⴰⵇⵓⵔⴷⵉⵢⵜ,صاع (وحدة قياس لمحاصيل الحبوب)
1906,a9llouch,ⴰⵇⵍⵍⵓⵛ,وعاء
1907,Taqbuçt,ⵜⴰⵇⴱⵓⵛⵜ,كأس
1908,inerz,ⵉⵏⴻⵔⵣ,كاحل القدم
1909,taghroudt,ⵜⴰⵖⵔⵄⵓⴷⵜ,كتف
1910,
1911,
1912,
1913,
1914,
1915,
1916,
1917,
1918,
1919,
1920,
1921,
1922,
1923,
1924,
1925,
1926,
1927,
1928,
1929,
1930,
1931,
1932,
1933,
1934,
1935,
1936,
1937,
1938,
1939,
1940,
1941,
1942,
1943,
1944,
1945,
1946,
1947,
1948,
1949,
1950,
1951,
1952,
1953,
1954,
1955,
1956,
1957,
1958,
1959,
1960,
1961,
1962,
1963,
1964,
1965,
1966,
1967,
1968,
1969,
1970,
1971,
1972,
1973,
1974,
1975,
1976,
1977,
1978,
1979,
1980,
1981,
1982,
1983,
1984,
1985,
1986,
1987,
1988,
1989,
1990,
1991,
1992,
1993,
1994,
1995,
1996,
1997,
1998,
1999,
2000,
2001,
2002,
2003,taghroudt,ⵜⴰⵖⵔⵓⴷⵜ,كتف
2004,ilmawn,ⵉⵍⵎⴰⵡⵏ,فارغون
2005,wmzaray,ⵡⵎⵣⴰⵔⴰⵢ,اختلاف
2006,yud,ⵢⵓⴷ,وقت
2007,ijj,ⵉⵊⵊ,بيسطاج
2008,iwzan,ⵉⵡⵣⴰⵏ,دشيشة
2009,hḍrgh,ⵀⴹⵔⵖ,تكلمتُ
2010,żayragh,ⵥⴰⵢⵔⴰⵖ,شددتُ
2011,sgheylegh,ⵙⵖⴻⵢⵍⴻⵖ,ابتلعتُ
2012,temzin,ⵜⴻⵎⵣⵉⵏ,شعير
2013,tizlfin,ⵜⵉⵣⵍⴼⵉⵏ,سبول
2014,tichwwadin,ⵜⵉⵛⵡⵡⴰⴷⵉⵏ,سبول
2015,asngar/tasngart,ⴰⵙⵏⴳⴰⵔ/ⵜⴰⵙⵏⴳⴰⵔⵜ,ذرة
2016,imendi,ⵉⵎⴻⵏⴷⵉ,حبوب
2017,khrṭal,ⵅⵔⵟⴰⵍ,شوفان
2018,imrmz,ⵉⵎⵔⵎⵣ,شعير أخضر ل تازميطت
2019,akbal,ⴰⴽⴱⴰⵍ,ثمرة ذرة
2020,irden,ⵉⵔⴷⴻⵏ,قمح
2021,arnan,ⴰⵔⵏⴰⵏ,كومة حبوب
2022,youds,ⵢⵓⴷⵙ,قريب
2023,ilellay,ⵉⵍⴻⵍⵍⴰⵢ,مقلاع ( سلاح لرمي الحجر الصغير )
2024,aghir,ⴰⵖⵉⵔ,الطرف
2025,aslghagh,ⴰⵙⵍⵖⴰⵖ,علكة الأشجار
2026,sgoujjegh,ⵙⴳⵓⵊⵊⴻⵖ,أُبعِدُ
2027,tisguin,ⵜⵉⵙⴳⵉⵏ,روث البقر
2028,izlafn,ⵉⵣⵍⴰⴼⵏ,حبوب القمح الخضراء
2029,kourdou/ikourdan,ⴽⵓⵔⴷⵓ/ⵉⴽⵔⴷⴰⵏ,برغوث/براغيث
2030,aza9ouf,ⴰⵣⴰⵇⵓⴼ,صانع سرج الحمار
2031,aghouchaf,ⴰⵖⵓⵛⴰⴼ,تمساح
2032,ighighch,ⵉⵖⵉⵖⵛ,شمبوان
2033,aritou,ⴰⵔⵉⵜⵓ,سرير من حجارة مغطى بالقصب و الصوف  أو الدوم
2034,ażżghar,ⴰⵥⵥⵖⴰⵔ,أرض منبسطة
2035,miżiḍ,ⵎⵉⵥⵉⴹ,حلو
2036,tghirḍmt,ⵜⵖⵉⵔⴹⵎⵜ,عقرب
2037,żwigh,ⵥⵡⵉⵖ,قطعتُ/عبرتُ
2038,akerri/ikerrarn,ⴰⴽⵔⵔⵉ/ⵉⴽⵔⵔⴰⵔⵏ,كبش/أكباش
2039,a7ouli/i7ouliyin,ⴰⵃⵓⵍⵉ/ⵉⵃⵓⵍⵉⵢⵏ,كبش/أكباش
2040,azmer,ⴰⵣⵎⵔ,خروف
2041,tagrjoumt,ⵜⴰⴳⵔⵊⵓⵎⵜ,حنجرة
2042,taghnst/tisghnas,ⵜⴰⵖⵏⵙⵜ/ⵜⵉⵙⵖⵏⴰⵙ,ملحفة توضع على ظهر المرأة لحمل الطفل أو كملحفة
2043,karfagh,ⴽⴰⵔⴼⴰⵖ,ربطتُ
2044,
2045,
2046,
2047,
2048,
2049,
2050,
2051,
2052,
2053,
2054,
2055,
2056,
2057,
2058,
2059,
2060,
2061,
2062,
2063,
2064,
2065,
2066,
2067,
2068,
2069,
2070,
2071,
2072,
2073,
2074,
2075,
2076,
2077,
2078,
2079,
2080,
2081,
2082,
2083,
2084,
2085,
2086,
2087,
2088,
2089,
2090,
2091,
2092,
2093,
2094,
2095,
2096,
2097,
2098,
2099,
2100,
2101,
2102,
2103,
2104,
2105,
2106,
2107,
2108,amssżway,ⴰⵎⵙⵙⵥⵡⴰⵢ,جواز سفر
2109,asyyagh,ⴰⵙⵢⵢⴰⵖ,مجوهراتي
2110,isinaniyn,ⵉⵙⵉⵏⴰⵏⵉⵢⵏ,مدرجات زراعية على الجبل
2111,ffżagh,ⴼⴼⵥⴰⵖ,مضغتُ
2112,akskas,ⴰⴽⵙⴽⴰⵙ,قدر مثقوب لطهي الكسكس
2113,madoun,ⵎⴰⴷⵓⵏ,كسكاس لطهي الكسكس
2114,tayddourt,ⵜⴰⵢⴷⴷⵓⵔⵜ,قدرة
2115,timrsaḍ,ⵜⵉⵎⵔⵚⴰⴹ,نوع نباتي في الجبل
2116,7nanda,ⵃⵏⴰⵏⴷⴰ,معاناة كبيرة
2117,alghżm,ⴰⵍⵖⵥⵎ,التواء كاحل
2118,arraw nsn,ⴰⵕⵕⴰⵡ ⵏⵙⵏ,أولادهم
2119,iżrwan,ⵉⵥⵕⵡⴰⵏ,
2120,Tassout,ⵜⴰⵙⵙⵓⵜ,
2121,Tayyout,ⵜⴰⵢⵢⵓⵜ,مرض يصيب شجر اللوز
2122,imdyazn,ⵉⵎⴷⵢⴰⵣⵏ,شيوخ رقصة الركادة
2123,adif,ⴰⴷⵉⴼ,نخاع العظم
2124,athmourghi,ⴰⵝⵎⵓⵔⵖⵉ,جراد
2125,mism,ⵎⵉⵙⵎ,ماذا ؟
2126,i7lwach,ⵉⵃⵍⵡⴰⵛ,ملابس
2127,ⴰⵙⵏⵏⴰⵏ,شوكة
2128,ⵡⴰⵔⵔⴷⴰⵖ,سقيتُ
2129,ⴰⵛⴼⴼⴰⵢ,حليب
2130,ⵇⴰⵔⵔⵎⴰⵖ,إحساس بتمزق عضلي
2131,ⵇⴰⵣⵣⵔⴰⵖ,
2132,ⴰⵔⴷⵍⵉⵎ,حب الملوك
2133,ⴰⵊⵕⵏⵉⴹ,عنق
2134,ⵜⵉⴼⵔⴰⵙ,ملامح الوجه
2135,ⴰⵚⵖⴰⵔ,محراث
2136,ⴰⵢⵊⴷⵓⵔ,مصيبة
2137,ⵜⵉⴽⴻⵔⴽⴰⴹ,دغدغة الأرجل
2138,ⵜⵣⴰⵡⴰ,قحط
2139,ⴰⴷⴻⴷⴷⵛ,حبو
2140,ⴰⵄⵢⵢⴰⴹ,صراخ
2141,ⴰⵙⵖⵓⵢⵢⵓ,صراخ
2142,ⴷⵊⵓⵍⵍⵖ,أقسمتُ
